"city","year","month","count_event","avg_popularity"
Northwich,"2019","11",2,0.0015035
Nottingham,"2019","08",7,0.0057394285714286
Bracknell,"2019","06",1,0.002834
Nuneaton,"2020","02",1,0.000229
Colne,"2019","09",1,0.000068
Doncaster,"2020","02",4,0.000215
Sturminster Newton,"2019","09",2,0.0001025
Truro,"2019","10",2,0.001396
Dover,"2019","11",1,0.00103
Paisley,"2019","08",1,0.000074
Blackpool,"2019","11",1,0.000132
Hebden Bridge,"2020","01",2,0.000437
Ballymena,"2019","04",2,0.000166
Halifax,"2019","06",4,0.025194
Lewes,"2019","09",3,0.0006063333333333
Norwich,"2019","08",4,0.00016375
Salisbury,"2019","05",2,0.0002835
Eyemouth,"2019","03",1,0.00946
Beverley,"2019","06",1,0.00354
Hockley,"2019","03",2,0.0002925
Halifax,"2020","01",1,0.000046
Bexhill-On-Sea,"2019","03",1,0.000032
Hornchurch,"2019","03",3,0.0003586666666667
Skegness,"2019","09",6,0.0030135
Leigh On Sea,"2019","09",1,0.000596
London,"2019","04",205,0.0093913951219512
Whitby,"2019","09",2,0.011987
Bournemouth,"2019","07",2,0.000406
Newport,"2019","12",2,0.000099
Frome,"2019","12",1,0.000906
Hereford,"2019","03",1,0.000303
Worthing,"2020","02",3,0.0009986666666667
Peterborough,"2019","04",1,0.001324
Derry,"2019","04",1,0.011376
Sevenoaks,"2019","11",3,0.0009823333333333
Pewsey,"2019","07",1,0.000148
Devizes,"2019","06",2,0.000041
Leeds,"2019","05",19,0.0084363684210526
Morecambe,"2019","04",1,0.000488
Durham,"2019","03",1,0.002174
Wolverton,"2019","10",1,0.000445
Shanklin,"2019","11",3,0.009072
Lincoln,"2019","08",7,0.0023337142857143
Clapham,"2020","02",1,0.000087
Oxford,"2019","03",13,0.0117740769230769
Buckley,"2019","05",1,0.000112
Abergavenny,"2019","09",1,0.000156
"Bangor, County Down","2019","08",1,0.036005
Truro,"2019","03",2,0.0010835
Leicester,"2019","12",6,0.0137615
Dumfries,"2019","10",1,0.000915
Birkenhead,"2019","04",1,0.002002
Bristol,"2019","10",44,0.0079078863636364
Kettering,"2019","04",2,0.001347
Ashburton,"2020","02",2,0.0002055
Oxford,"2019","06",5,0.1133926
Omagh,"2019","08",1,0.003932
Cheshire,"2019","03",1,0.000041
West Yorkshire,"2019","08",2,0.0263635
Lowdham,"2019","04",1,0.000224
Stamford,"2019","09",1,0.001009
Box,"2019","04",3,0.000087
Ipswich,"2019","10",9,0.0036237777777778
Chard,"2019","11",1,0.000259
Sherborne,"2019","04",1,0.001529
Basingstoke,"2020","01",1,0.000311
London,"2020","02",99,0.0219865151515151
Worthing,"2019","10",1,0.010507
,"2019","12",1,0.000287
Huddersfield,"2019","10",2,0.002962
Hull,"2020","01",1,0.00432
Southampton,"2019","03",14,0.0020260714285714
Witney,"2019","04",1,0.000175
Thames Ditton,"2019","10",3,0.000075
Kirton in Lindsey,"2019","11",1,0.00089
Saltburn-by-the-Sea,"2019","08",1,0.000033
Thame,"2019","11",1,0.000081
Durham,"2019","11",1,0.001135
Bristol,"2020","01",10,0.0008497
Weymouth,"2019","07",1,0.00002
Builth Wells,"2019","03",1,0.000368
Southport,"2019","03",2,0.0022135
Stowmarket,"2020","02",1,0.000235
Liverpool,"2019","04",16,0.0039865
Huddersfield,"2019","11",7,0.001072
Westcliff-on-sea,"2020","01",1,0.000065
Kinross,"2019","04",1,0.005929
Acton,"2019","07",1,0.000084
Shipley,"2019","11",2,0.0001475
Frome,"2019","03",2,0.0002845
Caernarfon,"2020","01",2,0.001232
Buckley,"2019","12",1,0.000038
London,"2019","07",247,0.1745574251012142
Blackpool,"2019","03",2,0.000076
Edinburgh,"2019","10",23,0.0018238260869565
Stafford,"2019","12",2,0.000328
Manchester,"2019","09",34,0.0285316470588235
Reigate,"2019","07",2,0.05056
Norwich,"2019","03",14,0.0097121428571429
Whitchurch,"2019","10",1,0.000037
Southend,"2019","04",1,0.000156
Southend On Sea,"2019","05",2,0.027043
Ipswich,"2019","07",2,0.000243
Richmond upon Thames,"2019","07",2,0.087846
Frome,"2020","02",1,0.000008
Fulham,"2019","03",1,0.000814
Fulham,"2019","09",2,0.001634
Lincoln,"2019","04",1,0.001485
Colchester,"2019","10",2,0.005375
South wirral,"2019","07",1,0.001453
Stoke Newington,"2019","03",1,0.000141
Lutterworth,"2019","09",37,0.0709462972972973
Guildford,"2019","06",5,0.000319
Didcot,"2019","05",1,0.000201
Southend On Sea,"2019","11",5,0.032304
Barnsley,"2019","11",1,0.003222
Oxford,"2019","05",4,0.0016205
Cheltenham,"2019","11",5,0.0012658
Reeth,"2019","10",1,0.000038
St David's,"2019","06",1,0.000841
Morecambe,"2019","03",1,0.000036
Leamington Spa,"2019","06",2,0.025806
Truro,"2019","07",4,0.001773
Lancaster,"2019","04",1,0.000303
Worcester,"2019","03",2,0.004507
Newark,"2019","07",9,0.0041325555555556
New Cross,"2019","09",7,0.0009157142857143
Shrewsbury,"2019","05",2,0.000133
Southampton,"2019","11",18,0.0019061111111111
Brighton,"2019","05",81,0.0269718395061728
Cottingham,"2019","05",2,0.017109
Birmingham,"2019","04",21,0.012081619047619
Milton Keynes,"2019","04",2,0.0039685
Milton Keynes,"2019","10",4,0.00279125
Scunthorpe,"2019","04",2,0.0000365
Leamington Spa,"2019","07",1,0.000033
Hebden Bridge,"2019","07",1,0.000055
Steyning,"2020","01",1,0.00001
Bexhill-On-Sea,"2019","06",1,0.000032
Folkestone,"2019","05",1,0.000175
Stoke On Trent,"2019","11",5,0.001245
Middlesbrough,"2019","06",1,0.001586
Stowmarket,"2019","08",1,0.02242
Chesterfield,"2019","04",1,0.000823
Ullapool,"2019","05",1,0.000159
High Wycombe,"2019","04",2,0.002279
Llandudno,"2019","11",2,0.036785
Lowestoft,"2019","03",1,0.000138
St. Albans,"2019","08",2,0.004381
West Yorkshire,"2019","05",6,0.0076928333333333
Middlesbrough,"2019","03",9,0.0162964444444444
Worcester,"2019","05",4,0.014882
Woking,"2019","09",6,0.0019836666666667
Dorking,"2019","03",1,0.000656
Swindon,"2019","06",2,0.089406
Newmarket,"2019","08",4,0.01205425
Bedford,"2019","05",3,0.0100886666666667
York,"2019","04",4,0.00131225
Nuneaton,"2019","12",2,0.000809
Wallingford,"2019","06",3,0.02833
Cambridge,"2020","01",2,0.000228
Aberdeen,"2019","10",5,0.0060296
New Cross,"2019","03",4,0.000795
Derby,"2019","05",5,0.0008042
St. Albans,"2020","02",1,0.002019
Digbeth,"2020","01",1,0.000219
Manchester,"2019","08",36,0.0336641944444444
Preston,"2019","11",4,0.000298
Huntingdon,"2019","08",4,0.012685
Devon,"2019","03",1,0.000149
Hockley,"2019","08",1,0.000031
Leek,"2019","03",2,0.001172
Tunbridge Wells,"2019","03",4,0.0001675
Banchory,"2019","11",3,0.000415
Bideford,"2019","06",2,0.0008615
Exeter,"2019","10",5,0.0179308
East Grinstead,"2019","07",1,0.000138
Saffron Walden,"2019","06",1,0.000027
Barrow-in-Furness,"2019","10",2,0.006295
Stamford,"2019","06",2,0.041235
Bognor Regis,"2019","05",11,0.040894
Stoke On Trent,"2019","10",6,0.0028356666666667
Liversedge,"2019","03",1,0.000052
Perranporth,"2019","08",1,0.00572
South wirral,"2019","09",2,0.004903
Greenock,"2019","11",1,0.062946
Tunbridge Wells,"2020","01",1,0.000572
Aberdare,"2019","09",2,0.002057
West Yorkshire,"2019","09",3,0.011087
Worthing,"2019","03",4,0.00066825
High Wycombe,"2019","11",4,0.0104145
Paisley,"2019","11",1,0.002646
Ashby-de-la-zouch,"2019","06",1,0.000271
Weston-super-mare,"2019","04",1,0.001747
Newry,"2020","02",1,0.000104
Findhorn,"2019","10",1,0.001128
Putney,"2019","09",1,0.00171
Allendale,"2019","08",1,0.000303
Welshpool,"2019","07",7,0.0017644285714286
Shipley,"2019","03",1,0.000077
Marlow,"2019","05",6,0.1086336666666666
Brighton,"2019","11",16,0.007312125
Kingston upon Hull,"2020","02",1,0.000137
Hastings,"2019","03",1,0.001234
Cottingham,"2019","10",1,0.002347
Paignton,"2019","08",1,0.000113
Totnes,"2019","12",1,0.00026
Carlisle,"2019","10",1,0.002145
Winchester,"2020","01",1,0.000021
Oxted,"2019","11",1,0.00074
Luton,"2019","07",1,0.000017
Pershore,"2019","05",3,0.000059
Hove,"2019","07",2,0.196111
Halifax,"2019","05",1,0.000116
Buckley,"2019","10",1,0.014069
Workington,"2019","09",1,0.000132
Dunfermline,"2019","05",1,0.000405
Crewkerne,"2019","12",2,0.000148
Norwich,"2019","09",2,0.00002
Sturminster Newton,"2019","03",1,0.00008
Islington,"2019","08",2,0.008222
Putney,"2019","05",1,0.000113
Great Torrington,"2020","01",1,0.000368
Camden,"2019","11",12,0.001136
Seahouses,"2019","04",1,0.000259
Tunbridge Wells,"2019","10",3,0.00222
Totnes,"2019","07",1,0.000713
Bangor,"2019","10",2,0.000382
Preston,"2019","07",2,0.0000585
Solihull,"2019","06",1,0.000452
Ashbourne,"2019","06",1,0.000391
Tavistock,"2019","08",1,0.000125
Gloucester,"2019","03",3,0.00014
Exeter,"2020","02",7,0.0079962857142857
Kings Lynn,"2019","07",2,0.00061
Farnham,"2019","04",1,0.000303
London,"2019","09",187,0.0112903315508022
Shoreham by sea,"2019","10",3,0.007122
Aberdeen,"2019","07",1,0.001391
Newquay,"2019","08",2,0.004117
Tavistock,"2020","02",1,0.00085
New Cross,"2019","11",10,0.0022793
Great Torrington,"2019","05",1,0.000777
Grimsby,"2019","11",2,0.0000995
Southend On Sea,"2020","01",1,0.000463
Penzance,"2019","05",2,0.00164
Lisburn,"2019","08",1,0.000984
Bradford,"2019","09",1,0.001447
Farnham,"2019","08",10,0.0040852
Northampton,"2019","11",1,0.000041
Chelmsford,"2019","12",1,0.000231
Campbeltown,"2019","06",1,0.000142
Barnstaple,"2019","06",1,0.00008
Sunderland,"2020","02",1,0.196197
Oxford,"2019","10",16,0.0102815
Pontypool,"2019","04",1,0.000125
,"2019","03",4,0.0102375
Inverness,"2019","11",4,0.00430275
Barrow-in-Furness,"2019","06",1,0.000896
Glossop,"2019","05",4,0.000058
Stornoway,"2019","05",1,0.010384
Castle Douglas,"2019","03",1,0.000946
Henley-on-thames,"2019","08",13,0.062705
Gloucester,"2019","10",5,0.0005366
Devizes,"2019","04",2,0.00076
Taunton,"2019","04",1,0.000147
Lewes,"2019","07",71,0.1062277887323943
Halifax,"2019","03",2,0.001657
Norwich,"2019","04",10,0.0222333
Northampton,"2019","08",1,0.00041
Durham,"2020","02",2,0.0003965
Droitwich Spa,"2020","02",1,0.004271
Derby,"2019","11",6,0.000202
Southwell,"2019","12",1,0.000667
Southsea,"2019","07",1,0.032444
Chagford,"2019","07",4,0.000777
Haverhill,"2019","07",2,0.000132
Stamford,"2019","08",1,0.000418
Worthing,"2019","12",1,0.00001
Newcastle Upon Tyne,"2019","12",22,0.0141897727272727
Blackburn,"2019","08",2,0.014833
Darwen,"2019","06",1,0.003223
Ulverston,"2019","05",1,0.000162
Lincoln,"2019","11",10,0.0054726
Bournemouth,"2019","11",6,0.0046038333333333
Rhayader,"2019","03",1,0.000191
Ryde,"2019","04",1,0.00185
Camden,"2019","07",12,0.0052789166666667
Bridgwater,"2019","09",2,0.000226
Kingston Upon Thames,"2019","09",1,0.002965
Barnsley,"2019","03",1,0.000298
Carmarthen,"2019","12",2,0.000139
Harlow,"2019","04",1,0.000021
Beverley,"2019","03",1,0.000015
North Shields,"2019","11",2,0.000323
Aldershot,"2019","06",1,0.004373
Croyde,"2019","06",8,0.106531
Plymouth,"2019","08",1,0.000044
Northwich,"2020","01",2,0.006402
St David's,"2019","04",1,0.000017
Oldham,"2019","07",1,0.000052
Kingswinford,"2019","03",1,0.000018
Cannock,"2019","09",1,0.000225
Colchester,"2019","03",3,0.001943
Great Torrington,"2020","02",1,0.000038
Sherborne,"2019","11",1,0.000259
Sheffield,"2019","07",54,0.2283049259259256
Morecambe,"2019","05",2,0.000626
Kendal,"2019","08",1,0.00878
Cardiff,"2019","08",2,0.01716
Wimborne,"2019","08",1,0.001113
Kirton in Lindsey,"2019","08",1,0.000025
Derby,"2019","07",1,0.013057
Liverpool,"2020","01",8,0.002906
Ripley,"2019","07",25,0.014099
Dudley,"2019","09",3,0.001895
Bradford,"2019","06",1,0.000567
High Wycombe,"2019","05",1,0.000032
Clitheroe,"2019","04",1,0.006881
Chorley,"2019","12",1,0.000149
Exeter,"2019","07",23,0.0201609130434783
Stourbridge,"2019","03",3,0.000297
London,"2019","11",284,0.01174225
Yarm,"2019","03",1,0.000094
Stockport,"2019","06",6,0.0158271666666667
Shrewsbury,"2019","04",2,0.009783
Kingskerswell,"2020","01",1,0.000036
Bedford,"2020","02",1,0.001049
Durham,"2019","12",2,0.0007715
Fowey,"2019","05",1,0.004271
Cheltenham,"2020","02",1,0.000052
Thame,"2020","01",1,0.002926
Longton,"2019","11",1,0.000035
Bury St Edmunds,"2019","03",3,0.0054403333333333
Welwyn Garden City,"2019","06",1,0.000057
Hunmanby,"2019","07",2,0.0002605
Worcester,"2019","10",4,0.00097325
Glasgow,"2019","03",53,0.0337158301886792
Thame,"2019","03",1,0.000081
Glasgow,"2019","06",22,0.0291797272727273
Preston,"2019","08",2,0.0000985
Walton-on-Thames,"2019","06",1,0.000064
Gateshead,"2020","02",1,0.010421
Weston-super-mare,"2019","10",1,0.000033
Hornchurch,"2019","05",2,0.0030805
Crediton,"2019","05",1,0.00169
Bishops Castle,"2019","04",1,0.000026
Minehead,"2020","01",30,0.0259034
Newton Abbot,"2019","08",1,0.004381
West Sussex,"2019","09",1,0.000168
Hastings,"2019","07",4,0.000158
York,"2019","12",7,0.0007045714285714
Hartlepool,"2019","11",2,0.000288
Harrow,"2019","05",1,0.001133
Barnsley,"2019","08",8,0.0004895
Edinburgh,"2020","01",3,0.0000826666666667
Paisley,"2019","12",1,0.005832
Glastonbury,"2019","03",2,0.000473
Cheltenham,"2019","05",17,0.0493545882352941
Knoydart,"2019","04",2,0.001174
Wakefield,"2019","04",4,0.00320375
Southend,"2019","08",2,0.00634
Settle,"2019","06",1,0.00354
Kendal,"2019","06",1,0.03594
Barnstaple,"2019","05",1,0.000025
Norwich,"2020","02",2,0.000027
Dover,"2019","10",1,0.010507
South Molton,"2019","11",1,0.000554
Milton Keynes,"2019","06",2,0.0000715
Brecon,"2019","07",1,0.000046
Leeds,"2019","06",19,0.0136901052631579
Portsmouth,"2019","03",1,0.000466
Newcastle Upon Tyne,"2019","05",56,0.1479140178571427
Leamington Spa,"2019","04",1,0.000225
Yeovil,"2019","03",2,0.002333
Ottery St Mary,"2019","08",26,0.051874
Deptford,"2019","06",1,0.000164
Bury Saint Edmunds,"2019","09",1,0.001053
Norwich,"2019","06",3,0.0251436666666667
Ullapool,"2019","10",3,0.001025
Guildford,"2019","09",3,0.00313
Stockton-on-tees,"2019","04",4,0.00579775
Nottingham,"2019","03",20,0.0226915
Belfast,"2019","05",16,0.0153798125
Hitchin,"2020","02",2,0.000131
Cleobury Mortimer,"2019","06",4,0.000114
Birmingham,"2019","08",10,0.0176131
East Kilbride,"2019","06",1,0.000024
Allendale,"2019","09",1,0.000198
Watchet,"2019","08",19,0.0333051052631579
Romsey,"2019","05",1,0.006708
Brixton,"2019","12",2,0.011227
Llandudno,"2019","12",2,0.011227
Falmouth,"2019","03",2,0.000972
Portsmouth,"2019","09",1,0.000072
Norwich,"2019","10",71,0.0877130140845071
Bangor,"2019","11",1,0.000055
Market Rasen,"2019","06",1,0.066965
St. Albans,"2019","10",1,0.000042
Bolton,"2019","03",1,0.000285
Cannock,"2019","05",1,0.00042
Truro,"2019","11",1,0.003495
Bodmin,"2020","02",1,0.001931
Cornwall,"2019","11",5,0.004548
Edinburgh,"2019","05",25,0.00526108
Ramsgate,"2019","10",1,0.000467
Norwich,"2020","01",4,0.004999
Bury St Edmunds,"2019","06",3,0.003602
Londonderry,"2019","10",1,0.000458
Lowestoft,"2020","02",1,0.000612
Argyll,"2019","12",1,0.000079
Carlisle,"2019","03",1,0.007363
Barnstaple,"2019","10",1,0.009037
Dundee,"2019","10",3,0.0011046666666667
Bristol,"2019","11",48,0.0041335416666667
Chelmsford,"2019","03",3,0.0019323333333333
Gillingham,"2019","06",1,0.000146
Worthing,"2019","05",2,0.00021
Stoke On Trent,"2019","03",3,0.0262706666666667
Dunstable,"2019","05",1,0.000094
Weston-super-mare,"2020","01",2,0.001054
Ashby-de-la-zouch,"2019","12",1,0.000217
Barton-upon-humber,"2019","04",1,0.000086
Warrington,"2019","11",1,0.000118
Leigh On Sea,"2019","06",1,0.000071
Swansea,"2019","11",3,0.001043
Sevenoaks,"2019","03",2,0.000132
Buxton,"2019","09",2,0.000225
Nuneaton,"2019","11",2,0.000087
Woodbridge,"2019","08",1,0.00068
Cardiff,"2019","07",6,0.0007798333333333
Gateshead,"2019","09",2,0.00053
Witney,"2019","06",2,0.000063
Bridgwater,"2019","03",6,0.0016416666666667
Margate,"2019","09",19,0.0133506842105263
Colne,"2019","05",1,0.000707
Coventry,"2019","08",1,0.000422
Theberton,"2019","08",1,0.000092
Hamilton,"2019","05",1,0.002626
Skegness,"2019","10",20,0.052316
Southsea,"2019","12",1,0.000072
Leamington Spa,"2019","05",1,0.000363
Chichester,"2019","06",2,0.03309
Digbeth,"2019","04",3,0.0153496666666667
Dundee,"2019","05",2,0.0032585
Gateshead,"2019","07",13,0.0042116153846154
Congleton,"2019","09",1,0.000104
Doncaster,"2019","06",3,0.0001313333333333
Shrewsbury,"2019","07",2,0.000058
Farncombe,"2020","01",1,0.002128
Kingston Upon Thames,"2019","04",3,0.000091
Hailsham,"2019","10",1,0.002576
Camden,"2019","03",11,0.0007139090909091
North Shields,"2019","09",1,0.000004
Stoke Newington,"2019","07",1,0.000964
Church Stretton,"2019","07",1,0.000028
Comrie,"2019","09",1,0.000039
Leamington Spa,"2020","02",1,0.000185
Whitby,"2019","10",2,0.007281
Shrewsbury,"2019","06",1,0.000201
Sixpenny Handley,"2019","07",1,0.001048
Worth Matravers,"2019","04",1,0.000058
Shepton Mallet,"2019","07",1,0.016254
Bridgend,"2019","07",1,0.000021
Gloucester,"2019","09",1,0.000077
Bournemouth,"2019","10",3,0.001916
Wiveliscombe,"2019","06",1,0.000043
Northampton,"2019","07",1,0.000024
Newport,"2019","04",5,0.0006026
Brighton,"2019","09",14,0.0051507142857143
Pontypridd,"2019","11",1,0.000346
Newcastle-under-lyme,"2019","11",1,0.000145
Winchester,"2019","05",2,0.0005015
Brighton,"2020","02",10,0.0014088
Barnstaple,"2019","04",2,0.0051095
Edinburgh,"2019","06",13,0.0022108461538462
Matlock,"2019","06",1,0.0002
Ilkley,"2019","09",1,0.003606
Cheltenham,"2019","09",2,0.0001615
Nottingham,"2019","07",4,0.00068975
Nuneaton,"2019","09",6,0.0008688333333333
Arbroath,"2019","10",1,0.000127
Stafford,"2019","10",1,0.000032
Stroud,"2019","11",1,0.000196
Doncaster,"2020","01",1,0.000152
Alfriston,"2019","05",1,0.00004
Pickering,"2019","06",2,0.046533
York,"2019","05",10,0.0036314
Worcester,"2020","01",1,0.000589
Wrexham,"2019","05",2,0.000379
Stroud,"2019","10",1,0.00011
Belfast,"2019","03",7,0.0078967142857143
Whitby,"2019","11",12,0.004047
Shrewsbury,"2019","11",1,0.002404
Gillingham,"2019","12",1,0.000235
Stevenage,"2019","07",6,0.0406925
Sturminster Newton,"2020","02",2,0.000848
Shrewsbury,"2019","03",1,0.000011
Newbury,"2019","04",1,0.000224
Penrith,"2019","03",2,0.000336
Bideford,"2019","04",1,0.000781
Bristol,"2019","03",37,0.0114518648648649
Malmesbury,"2019","07",1,0.000125
Hay On Wye,"2019","08",6,0.004314
Stourbridge,"2019","12",1,0.000415
York,"2020","02",7,0.0010724285714286
Lewes,"2019","03",1,0.000366
Belfast,"2020","01",4,0.0102425
Hastings,"2019","09",2,0.0000845
Bognor Regis,"2020","01",22,0.0281490909090909
Bude,"2020","02",1,0.006258
Swindon,"2019","07",1,0.000221
Frome,"2019","05",1,0.003011
Worcester,"2019","04",1,0.00354
London,"2019","05",344,0.0307411773255814
Hull,"2019","08",10,0.0126833
Caerphilly,"2019","08",2,0.000023
Wath - upon- Dearne,"2019","05",2,0.000094
Walthamstow,"2019","03",1,0.01106
Witney,"2019","10",1,0.000391
Darwen,"2019","05",2,0.0001525
Chippenham,"2019","12",1,0.004811
Scunthorpe,"2019","05",1,0.000651
Bath,"2019","09",4,0.00009775
Bath,"2019","03",3,0.002424
Isle Of Wight,"2019","03",1,0.000021
Chesterfield,"2019","07",2,0.0003545
Ullapool,"2019","09",1,0.00001
Torquay,"2019","04",4,0.001561
Lyme Regis,"2019","11",1,0.000113
Horsham,"2019","06",1,0.000094
Belfast,"2019","11",13,0.0092791538461538
Nottingham,"2019","12",16,0.0151830625
Southampton,"2019","10",10,0.0096656
Moseley,"2019","07",13,0.054602
Aberdeen,"2019","03",2,0.0002935
Bradford-on-Avon,"2020","01",2,0.000026
Paisley,"2020","02",2,0.00686
Warrington,"2019","12",2,0.036831
Brigg,"2019","09",1,0.000024
Holborn,"2019","08",1,0.000261
Croydon,"2019","12",1,0.000117
Chester,"2019","05",4,0.00564675
Folkestone,"2019","11",4,0.01667575
Liverpool,"2019","08",9,0.3158808888888889
Wokingham,"2019","10",1,0.000069
Bournemouth,"2019","06",4,0.05960125
Blandford Forum,"2019","08",2,0.001539
Middlesbrough,"2019","10",2,0.000615
Guildford,"2019","04",8,0.00835325
Pocklington,"2019","04",2,0.002874
Aberdeen,"2019","12",2,0.0005865
Strathpeffer,"2019","10",1,0.000458
Doncaster,"2019","03",10,0.0004741
Basingstoke,"2019","06",1,0.000411
Perth,"2019","05",2,0.000196
Stoke On Trent,"2019","04",4,0.0030165
Skegness,"2019","11",16,0.006983375
Fife,"2019","11",1,0.002286
Stockton-on-tees,"2019","10",1,0.002827
Hornchurch,"2019","09",1,0.000206
Lewes,"2020","02",1,0.000565
Penzance,"2019","03",2,0.0002215
Hove,"2019","04",2,0.000229
Worksop,"2019","09",1,0.00009
Southsea,"2019","11",2,0.000534
Rye,"2019","03",1,0.00012
Lymington,"2019","11",1,0.009037
Herne Bay,"2019","03",1,0.00342
Oban,"2019","06",1,0.000781
Sturminster Newton,"2020","01",1,0.000057
Luton,"2020","01",1,0.000015
York,"2019","10",6,0.0008863333333333
Shoreham by sea,"2019","05",8,0.00216425
Coventry,"2019","03",2,0.0005085
Darlington,"2019","07",1,0.00002
Leamington Spa,"2019","09",1,0.000033
Newcastle Upon Tyne,"2019","11",31,0.0116851935483871
Sunderland,"2019","03",2,0.0068585
Belfast,"2020","02",6,0.0036023333333333
Derby,"2019","10",3,0.0034443333333333
Bridgnorth,"2019","04",1,0.000026
Camden,"2019","08",3,0.0008213333333333
Okehampton,"2020","02",1,0.000214
Norwich,"2019","05",13,0.0039385384615385
Lowdham,"2019","11",1,0.000229
Newport,"2019","11",2,0.000995
Clapham,"2019","05",2,0.007094
Truro,"2019","09",2,0.000777
Blackpool,"2019","07",2,0.0002875
,"2019","08",2,0.00021
Lincoln,"2019","10",4,0.000777
Preston,"2019","03",2,0.000327
Bridgwater,"2019","08",3,0.0054263333333333
Teddington,"2019","03",1,0.000223
Chard,"2020","01",1,0.000969
London,"2019","06",232,0.0716795775862069
Leicester,"2020","01",7,0.0012842857142857
Manchester,"2019","04",92,0.0092871086956522
Darlington,"2020","01",1,0.01934
Stockport,"2019","07",4,0.03785375
Evesham,"2019","04",1,0.000046
Farnham,"2020","01",1,0.000043
Swindon,"2019","08",2,0.000124
Northampton,"2019","12",4,0.0247105
Preston,"2019","10",4,0.00025675
Suffolk,"2019","08",6,0.0074566666666667
Perth,"2019","07",32,0.1317275
Stockton-on-tees,"2019","09",3,0.0001093333333333
Falkirk,"2019","11",2,0.00009
Hastings,"2019","04",1,0.000067
Swindon,"2019","05",4,0.00031675
Saltburn-by-the-Sea,"2019","03",1,0.000562
Weston-super-mare,"2019","09",1,0.000094
Newbury,"2020","01",1,0.000151
Dunfermline,"2019","11",1,0.000063
Farncombe,"2019","11",1,0.000111
Northampton,"2019","09",2,0.007026
Kirton in Lindsey,"2019","07",1,0.000134
Rawtenstall,"2019","11",1,0.000652
Bradford,"2019","03",1,0.000378
Ludlow,"2019","06",2,0.000037
Fareham,"2019","05",1,0.000221
Kingsbridge,"2019","08",1,0.000113
Macclesfield,"2019","08",21,0.0427587619047619
Isle Of Wight,"2020","01",1,0.000112
Hitchin,"2019","03",1,0.000286
Sandwich,"2019","07",1,0.000385
Bracknell,"2019","08",1,0.000418
Buckley,"2019","11",4,0.0348405
Hull,"2020","02",2,0.000534
Sheffield,"2019","09",11,0.055551
Skegness,"2019","04",1,0.000143
Bideford,"2020","02",1,0.000138
Knaresborough,"2019","08",1,0.000039
West Yorkshire,"2019","03",2,0.00572
Portsmouth,"2019","05",3,0.0034876666666667
Peckham,"2019","05",1,0.001441
Didcot,"2019","06",1,0.000104
Cardiff,"2020","02",8,0.049685125
Luton,"2019","03",1,0.001999
Scarborough,"2019","06",1,0.088996
Alford,"2020","01",1,0.000259
Islington,"2019","04",1,0.003115
Wakefield,"2019","08",1,0.000117
Reeth,"2019","04",2,0.000677
Wolverton,"2020","01",2,0.001467
Plymouth,"2019","06",6,0.0004215
Burton Bradstock,"2019","05",1,0.000161
Stourbridge,"2019","06",1,0.000034
Camden,"2019","12",7,0.0016122857142857
Stoke On Trent,"2019","06",1,0.00673
Bridgend,"2019","04",2,0.0003805
Brixton,"2019","05",5,0.0215484
Newport,"2019","05",1,0.000485
Caversham,"2019","07",15,0.020291
Worth Matravers,"2019","09",1,0.0002
Guildford,"2019","03",4,0.011314
Sevenoaks,"2019","09",1,0.002167
Gloucester,"2019","08",1,0.097865
Huddersfield,"2020","02",2,0.004194
Islington,"2019","11",2,0.000195
Manchester,"2020","02",15,0.0322540666666667
Buckingham,"2019","06",1,0.000398
Hatfield,"2019","10",1,0.051292
Shanklin,"2019","10",1,0.000094
Walton-on-trent,"2019","05",36,0.0871724166666666
Doncaster,"2019","11",3,0.000762
Glastonbury,"2020","02",1,0.000563
Ashburton,"2019","03",1,0.000051
Glasgow,"2019","07",56,0.2502115892857145
Glasgow,"2019","04",26,0.0139724230769231
Salford,"2019","12",1,0.000632
Bournemouth,"2019","05",7,0.0097761428571429
Brentford,"2019","06",42,0.019754
Costessey,"2019","08",48,0.1531580000000001
Hastings,"2019","11",4,0.00038125
Edinburgh,"2020","02",8,0.002183875
Gateshead,"2019","12",1,0.00173
Bishops Stortford,"2019","10",1,0.000094
Clitheroe,"2019","03",1,0.000277
Bristol,"2019","09",23,0.0022073043478261
Biggar,"2019","10",1,0.000971
Blackpool,"2019","10",7,0.0004127142857143
St. Albans,"2019","03",1,0.00065
Haywards Heath,"2019","04",1,0.001326
Reading,"2019","10",9,0.0004787777777778
Orpington,"2019","06",2,0.000022
Reading,"2019","06",2,0.0033495
Grimsby,"2019","05",4,0.00030225
Islington,"2019","07",1,0.001438
Ipswich,"2019","05",1,0.000092
Exeter,"2020","01",5,0.0121824
Warrington,"2019","07",2,0.0006775
Wigan,"2019","03",1,0.000083
Ambleside,"2019","10",1,0.000212
Sunderland,"2019","05",2,0.001707
Croydon,"2019","05",20,0.2449770000000001
Cannock,"2019","03",1,0.000094
Grimsby,"2019","03",2,0.0000755
Rhayader,"2019","06",1,0.000196
Bournemouth,"2019","03",7,0.004705
Bilston,"2019","06",1,0.000364
Bury,"2020","02",2,0.000554
Nottingham,"2019","10",15,0.0136590666666667
Colchester,"2019","05",1,0.000303
Falmouth,"2019","10",1,0.000558
Stamford,"2019","10",3,0.0001026666666667
Salisbury,"2019","09",1,0.000086
Bristol,"2019","12",14,0.0020187142857143
Dumfries,"2020","01",1,0.000648
Sturminster Newton,"2019","11",1,0.000055
Gwynedd,"2019","09",1,0.001865
Didcot,"2019","09",1,0.000125
Wakefield,"2020","02",1,0.004071
Bognor Regis,"2019","09",6,0.023835
Wolverhampton,"2019","07",2,0.0093595
Worthing,"2019","04",3,0.0338953333333333
Galashiels,"2019","11",1,0.000022
Minehead,"2019","06",10,0.039982
Maidenhead,"2019","11",1,0.000493
Sevenoaks,"2019","07",1,0.000069
Louth,"2019","09",2,0.009988
Sark,"2019","07",2,0.002861
Paignton,"2019","10",1,0.000113
Southampton,"2019","06",6,0.0016753333333333
Walthamstow,"2019","08",1,0.001739
Coventry,"2020","01",1,0.010327
Falmouth,"2019","07",1,0.01758
Ashford,"2019","10",2,0.002592
Newport,"2019","10",1,0.000037
Manchester,"2019","11",68,0.0295034852941176
Bedford,"2019","06",4,0.004299
Colchester,"2019","12",1,0.00103
Swansea,"2019","03",1,0.000345
Enniskillen,"2019","05",1,0.000041
Grimsby,"2019","10",1,0.003462
Cheltenham,"2019","03",1,0.00354
Coatbridge,"2019","11",1,0.000024
Redditch,"2019","06",1,0.000062
Chester,"2019","06",1,0.000189
Masham,"2019","08",3,0.0015493333333333
Stafford,"2019","07",1,0.001713
Hinckley,"2020","02",1,0.00009
Margate,"2019","03",6,0.0028796666666667
Gillingham,"2019","11",2,0.0044255
Leicester,"2019","07",6,0.0005436666666667
Preston,"2019","09",2,0.002874
Warrington,"2019","04",1,0.000703
Ruislip,"2019","04",1,0.001323
Tynemouth,"2019","10",1,0.000448
Beverley,"2019","12",2,0.0003445
Portsmouth,"2019","10",1,0.001265
Fulham,"2019","10",2,0.008933
Grimsby,"2019","04",2,0.000103
Camden,"2019","05",18,0.0017901666666667
Hull,"2019","07",3,0.0033116666666667
Doncaster,"2019","12",1,0.000276
Oxford,"2019","04",7,0.00362
Sidmouth,"2019","08",7,0.000825
Aylesbury,"2019","08",2,0.000418
Bedford,"2019","04",6,0.0043218333333333
Leamington Spa,"2019","10",2,0.000682
Oxford,"2019","07",6,0.0038511666666667
Watford,"2019","07",1,0.000041
Great Yarmouth,"2019","07",1,0.004383
Chesterfield,"2019","11",1,0.000168
Pitlochry,"2019","03",3,0.005234
Norwich,"2019","07",4,0.00217975
Bangor,"2019","06",1,0.000404
Blandford Forum,"2019","05",2,0.0001865
Robertsbridge,"2019","09",2,0.003738
Cottingham,"2019","09",1,0.004228
Shipley,"2019","06",1,0.000049
Birmingham,"2019","06",25,0.03450516
Glastonbury,"2019","08",1,0.000049
Stonehaven,"2019","04",1,0.000077
Swansea,"2019","04",4,0.00109375
Truro,"2019","05",1,0.000052
Sevenoaks,"2019","04",1,0.000079
Southend,"2019","12",1,0.000295
Stockton-on-tees,"2019","12",2,0.002476
Doncaster,"2019","05",3,0.0000706666666667
Margate,"2019","10",2,0.00061
Eastleigh,"2019","06",1,0.004381
Huddersfield,"2020","01",1,0.001997
Cardiff,"2019","04",28,0.0034052142857143
Leicester,"2019","11",6,0.0004828333333333
Sale,"2019","07",1,0.000408
Leamington Spa,"2019","03",6,0.0208046666666667
Bradford-on-Avon,"2019","04",1,0.000059
Manchester,"2019","03",88,0.0104970227272727
Paisley,"2019","10",5,0.0023782
Christchurch,"2019","10",1,0.000015
Darwen,"2019","03",1,0.000224
Plymouth,"2019","03",7,0.0005301428571429
Blackpool,"2019","09",3,0.002581
Romford,"2019","05",1,0.003942
Ebbw Vale,"2019","07",15,0.027593
Clapham,"2019","09",1,0.00089
Digbeth,"2019","09",2,0.005777
,"2019","09",5,0.0002024
Falmouth,"2019","09",1,0.000513
Ashbourne,"2019","07",1,0.000017
Cheltenham,"2019","04",2,0.000337
Edinburgh,"2019","08",24,0.0108715833333333
Coventry,"2019","09",3,0.0000763333333333
Harrogate,"2019","06",3,0.003753
Hastings,"2019","06",2,0.000519
Darwen,"2019","11",3,0.000244
,"2019","07",2,0.000059
Bedford,"2019","09",1,0.000554
Sevenoaks,"2020","02",3,0.00031
Wigan,"2019","09",5,0.0023054
Nottingham,"2020","02",11,0.0045933636363636
Stroud,"2019","04",1,0.000067
Newton Abbot,"2019","07",6,0.001323
Preston,"2019","06",1,0.012234
Lancaster,"2019","11",2,0.0005005
Newmarket,"2019","06",2,0.1012035
Eigg,"2019","05",1,0.001401
Farncombe,"2019","06",1,0.000111
Oxford,"2020","01",1,0.008252
Islington,"2019","06",2,0.001112
Newton Abbot,"2019","09",1,0.000777
Cambridge,"2019","06",5,0.0354516
Halifax,"2019","10",2,0.0017335
Salford,"2019","04",1,0.000904
Suffolk,"2019","06",5,0.1239808
Bury,"2019","10",6,0.0006243333333333
Machynlleth,"2019","05",5,0.006776
Newcastle Upon Tyne,"2019","07",11,0.0450753636363636
Newtownards,"2019","03",1,0.000041
Barnsley,"2019","10",2,0.000129
Ashby-de-la-zouch,"2019","11",1,0.000554
Harlow,"2019","11",2,0.005941
"Bangor, County Down","2019","11",1,0.000337
Dunfermline,"2019","09",3,0.0039646666666667
Totnes,"2019","04",3,0.0003576666666667
Cardiff,"2019","09",17,0.0275254705882353
Kingston upon Hull,"2019","10",1,0.002428
Castleton,"2019","08",1,0.004321
Stowmarket,"2019","11",1,0.00024
Barnstaple,"2019","11",1,0.000652
Stockton-on-tees,"2019","11",3,0.0024703333333333
Chichester,"2019","05",1,0.000039
Guildford,"2019","07",5,0.0041748
Hebden Bridge,"2019","09",1,0.005934
Newbury,"2019","12",2,0.000158
Stockport,"2020","02",2,0.002049
Aldershot,"2019","03",1,0.001938
Presteigne,"2019","12",1,0.000438
Wrexham,"2019","10",3,0.0002533333333333
Basingstoke,"2019","03",3,0.0031406666666667
,"2019","10",6,0.0014478333333333
Lewes,"2019","05",1,0.000094
Wolverhampton,"2019","12",6,0.004281
Kingston Upon Thames,"2019","05",3,0.000703
Kingskerswell,"2019","06",2,0.0001945
Coventry,"2019","07",16,0.0315175
Chagford,"2019","06",1,0.000125
Worcester,"2019","12",1,0.000513
Stourport,"2019","03",4,0.00025975
Southampton,"2019","12",7,0.0035397142857143
Canterbury,"2020","01",1,0.000107
Leeds,"2019","04",25,0.01479004
Workington,"2019","10",1,0.00012
Newcastle Upon Tyne,"2019","03",27,0.0040632222222222
Galashiels,"2019","07",1,0.000513
Bromyard,"2019","04",1,0.000043
Milton Keynes,"2019","09",2,0.0000535
Coalville,"2019","07",7,0.0003098571428571
Dewsbury,"2019","09",1,0.000241
Bradford,"2020","02",1,0.000057
Trowbridge,"2019","03",1,0.000012
Redruth,"2019","05",3,0.000956
Exeter,"2019","06",5,0.0041526
Corby,"2019","09",1,0.000156
Glasgow,"2020","01",23,0.0035299565217391
Dudley,"2019","11",1,0.00016
Kensington,"2019","07",2,0.000053
Bracknell,"2019","09",1,0.000074
Derry,"2019","05",1,0.000492
Woodstock,"2019","06",3,0.109316
Uckfield,"2019","10",1,0.000047
Newport (Isle of Wight),"2019","08",1,0.00354
Warwick,"2019","06",1,0.000427
Stourbridge,"2019","09",1,0.000056
Hartlepool,"2019","12",1,0.035099
Kingsbridge,"2019","09",1,0.003115
Buxton,"2019","04",1,0.000032
Portsmouth,"2019","12",4,0.0210815
Seahouses,"2019","08",1,0.00008
Galashiels,"2019","09",1,0.000176
Torquay,"2019","06",1,0.002215
Milton Keynes,"2019","05",3,0.0017133333333333
Bedlington,"2019","07",1,0.000006
Woodbridge,"2019","07",2,0.000069
Strathdon,"2020","02",1,0.000045
Exeter,"2019","05",3,0.0049603333333333
Swansea,"2019","12",2,0.0001165
Ipswich,"2019","08",2,0.744445
Salford,"2019","05",9,0.0049827777777778
Hampton,"2019","07",2,0.0005095
Rugby,"2019","07",1,0.000427
Aberdare,"2019","10",1,0.00015
Staines,"2019","05",1,0.00003
Peterborough,"2020","01",1,0.002035
Aberystwyth,"2019","11",1,0.000085
Leeds,"2020","01",17,0.0027913529411765
Chiddingly,"2019","11",2,0.0000905
Tetbury,"2019","10",1,0.001539
Brixton,"2019","11",10,0.0274422
Twickenham,"2019","03",1,0.011978
Bath,"2019","04",5,0.0005044
Manchester,"2019","05",56,0.0136690357142857
Hayes,"2019","10",1,0.000033
Southport,"2019","06",3,0.0117333333333333
Newcastle Upon Tyne,"2020","02",21,0.0043330952380952
Blackpool,"2019","04",1,0.00075
Thames Ditton,"2020","01",1,0.00008
Southsea,"2019","06",2,0.0053645
Eastbourne,"2019","07",1,0.000087
Loughborough,"2020","01",1,0.012117
Swindon,"2019","09",2,0.000111
Kendal,"2019","03",1,0.000485
Liverpool,"2019","06",8,0.0363835
Liverpool,"2020","02",10,0.0024383
Kendal,"2019","04",1,0.002888
Chester,"2019","07",3,0.03408
Redditch,"2019","03",1,0.000139
Aldershot,"2019","11",1,0.000038
Stourbridge,"2019","05",1,0.0002
Morecambe,"2019","12",2,0.0018445
Leicester,"2019","05",4,0.0069135
Swansea,"2019","10",1,0.000364
Colchester,"2020","01",1,0.000495
York,"2019","06",2,0.000536
Halifax,"2019","04",1,0.000201
Doncaster,"2019","08",3,0.00083
Warrington,"2019","03",7,0.0102165714285714
Bury,"2019","04",3,0.0009483333333333
Falkirk,"2019","10",1,0.00025
Hawick,"2019","11",1,0.000017
Salford,"2019","10",3,0.0068256666666667
Inverness,"2019","03",2,0.000241
Manchester,"2019","07",31,0.0178007096774193
Northwich,"2019","03",3,0.0001263333333333
Torquay,"2019","07",1,0.000777
Newport (Isle of Wight),"2019","04",1,0.000703
Putney,"2019","11",1,0.001324
Bridport,"2019","09",1,0.000021
,"2020","02",1,0.000035
Swansea,"2019","06",2,0.000485
Dartford,"2019","04",1,0.001322
Canterbury,"2019","04",1,0.001968
Plymouth,"2019","12",2,0.001826
Worksop,"2019","06",1,0.000157
Halifax,"2019","09",1,0.002569
Woodbridge,"2019","09",2,0.000881
Newport,"2019","06",1,0.000136
Bath,"2019","10",5,0.0035916
Windsor,"2019","09",1,0.000033
Hastings,"2020","02",1,0.001053
Salford,"2019","11",8,0.003258
Canterbury,"2019","06",3,0.012969
Bude,"2019","11",4,0.000075
Armagh,"2019","03",2,0.000168
Canterbury,"2020","02",2,0.000579
Tavistock,"2019","04",1,0.00009
Newbury,"2019","05",1,0.000552
Cardiff,"2020","01",9,0.0851504444444445
Sheffield,"2019","10",23,0.0119956956521739
Morecambe,"2019","06",1,0.000077
Glasgow,"2020","02",23,0.0104942173913043
New Cross,"2019","08",12,0.001728
Birmingham,"2020","02",10,0.0426106
Pontypridd,"2019","10",1,0.001952
Brighton,"2019","08",11,0.0040058181818182
Totnes,"2019","11",1,0.000175
Lewes,"2019","11",1,0.000042
Kenilworth,"2019","09",2,0.000917
Castleton,"2019","12",1,0.030479
Crawley,"2019","03",1,0.00198
Blackpool,"2020","01",10,0.0404217
Bristol,"2020","02",17,0.0081247647058824
Bath,"2019","11",7,0.0030178571428571
Leicester,"2019","04",10,0.0047701
Perth,"2019","11",1,0.001996
Plymouth,"2019","09",1,0.000104
Liskeard,"2019","08",7,0.001874
Wolverhampton,"2019","11",2,0.0002095
Greenwich,"2019","10",8,0.00330375
Hove,"2019","05",1,0.002322
Dundee,"2019","09",2,0.005748
Belfast,"2019","07",4,0.00529675
Salisbury,"2020","02",2,0.0010445
Stafford,"2019","04",1,0.00007
Burnham-On-Sea,"2019","03",1,0.001321
Harpenden,"2019","09",2,0.009158
Saltburn-by-the-Sea,"2019","06",1,0.000039
Kinross,"2019","05",2,0.000224
Magherafelt,"2019","07",1,0.000828
Dunoon,"2019","05",5,0.018592
Chester,"2019","11",4,0.00082375
Congleton,"2019","05",1,0.000449
West Yorkshire,"2020","01",1,0.000536
Southampton,"2020","01",2,0.0055045
Oxted,"2019","12",1,0.00006
Stockton-on-tees,"2019","08",1,0.000153
Guildford,"2019","05",5,0.0003994
Inverness,"2019","06",1,0.000132
Bolton,"2019","04",1,0.000024
Leeds,"2019","03",41,0.0131691707317073
Plymouth,"2019","05",4,0.00167225
Stirling,"2019","11",2,0.03538
Glasgow,"2019","05",40,0.016972575
Doncaster,"2019","07",4,0.000426
Stamford,"2019","05",2,0.000308
Malvern,"2019","08",2,0.000061
Louth,"2019","04",1,0.000125
Newport (Isle of Wight),"2019","10",1,0.00018
Didcot,"2019","04",1,0.00021
Dunstable,"2019","10",1,0.003233
Trowbridge,"2019","05",1,0.001352
Staines,"2019","06",1,0.000153
Whitby,"2019","03",2,0.0028685
Kendal,"2019","11",2,0.0005415
Rugeley,"2019","07",2,0.128375
Perth,"2019","12",1,0.000304
South Petherton,"2020","02",1,0.000413
Armagh,"2019","10",1,0.007637
Plymouth,"2019","04",7,0.0100915714285714
Barton-upon-humber,"2019","05",1,0.000259
Lewes,"2020","01",1,0.004032
Maidstone,"2019","06",1,0.000153
Eastbourne,"2019","09",1,0.011899
Stourbridge,"2019","10",2,0.0001025
Gateshead,"2019","11",2,0.000262
Chelmsford,"2019","11",3,0.0015146666666667
Islington,"2019","09",1,0.000153
Fulham,"2020","02",2,0.001694
Llandrindod Wells,"2019","04",1,0.000074
Bradford,"2019","05",2,0.000068
Stirling,"2019","07",11,0.033073
Castleton,"2019","07",1,0.00039
Leeds,"2019","11",41,0.020229512195122
Swansea,"2019","09",4,0.00019875
Heslington,"2019","07",1,0.000104
Durham,"2019","04",2,0.0022455
London,"2019","03",269,0.0249551449814126
Scarborough,"2019","08",3,0.022417
Broadstairs,"2019","04",1,0.000046
Hastings,"2020","01",4,0.0007035
Kings Lynn,"2019","04",1,0.00065
Glastonbury,"2020","01",1,0.000685
Chippenham,"2019","10",1,0.000042
Chipping Campden,"2020","02",2,0.005013
Southampton,"2019","08",5,0.0349188
Swindon,"2019","04",1,0.000142
Aberystwyth,"2020","02",1,0.000346
Leeds,"2019","12",35,0.0200205142857143
Didcot,"2019","07",3,0.001229
Tynemouth,"2019","11",2,0.0006
Huddersfield,"2019","09",1,0.000035
Colchester,"2020","02",2,0.0002
Honiton,"2019","10",2,0.000583
Hertford,"2019","04",1,0.003904
Fulham,"2019","07",4,0.0022855
Leicester,"2019","08",4,0.0003715
Bexhill-On-Sea,"2019","11",1,0.047117
Paignton,"2019","06",1,0.000113
Doncaster,"2019","04",4,0.00014225
Lichfield,"2019","04",1,0.001102
Barnard Castle,"2019","12",1,0.000685
Taunton,"2019","07",1,0.067063
Leytonstone,"2019","03",1,0.189349
Canterbury,"2019","09",2,0.0001395
Todmorden,"2019","11",2,0.000324
Southend On Sea,"2019","06",1,0.022247
Eyemouth,"2020","02",1,0.000045
Derby,"2020","01",2,0.002091
Amersham,"2019","07",15,0.087846
Sevenoaks,"2019","06",2,0.0049695
Watford,"2019","06",1,0.000017
Longton,"2019","07",1,0.000081
Chiddingly,"2019","07",3,0.05056
Salford,"2019","09",2,0.000533
Ipswich,"2019","06",3,0.130503
Bath,"2019","05",3,0.012923
Fulham,"2019","11",1,0.004495
Lancaster,"2019","10",1,0.000082
Harrogate,"2019","05",3,0.098663
Scunthorpe,"2019","06",1,0.01762
Reading,"2019","03",4,0.00115975
Hay On Wye,"2019","07",1,0.000567
Peterborough,"2019","03",3,0.002374
Brighton,"2019","10",26,0.0119659615384615
Leigh On Sea,"2019","11",1,0.004903
Edinburgh,"2019","11",21,0.0043138571428571
Woodbridge,"2019","11",1,0.000168
Bradford,"2020","01",1,0.000027
Guildford,"2019","10",3,0.0001606666666667
Aberdeen,"2019","04",4,0.00561825
Bridport,"2019","03",1,0.000021
Omagh,"2019","05",1,0.000041
Exeter,"2019","11",8,0.0048715
Southend On Sea,"2019","07",1,0.002682
Bury,"2019","11",3,0.0017966666666667
Darlington,"2019","09",1,0.000013
Carmarthen,"2019","03",1,0.001926
Fulham,"2019","12",1,0.00072
Wakefield,"2019","03",5,0.0004944
Shepton Mallet,"2019","12",1,0.000017
Chepstow,"2019","07",4,0.0001115
Clacton-on-sea,"2020","02",1,0.000076
Spilsby,"2019","04",1,0.000036
Coventry,"2019","04",4,0.00083325
Leeds,"2019","08",15,0.1625256
Wokingham,"2019","06",1,0.000618
Plymouth,"2019","11",4,0.0039275
Troon,"2019","11",7,0.0018545714285714
Newton,"2019","07",5,0.003143
New Cross,"2019","10",7,0.0011737142857143
Hereford,"2019","08",8,0.02836
Southend,"2019","10",1,0.00103
Minehead,"2019","11",50,0.0361694
Uckfield,"2019","04",2,0.002874
Bournemouth,"2019","09",9,0.0173484444444444
Worthing,"2019","08",1,0.000027
New Cross,"2019","06",5,0.0017386
Reeth,"2019","03",1,0.00001
Sheffield,"2019","04",19,0.0097194210526316
Newcastle Upon Tyne,"2020","01",4,0.00113975
Norwich,"2019","12",3,0.0012663333333333
Kinross,"2019","09",1,0.00171
Torquay,"2020","01",1,0.000017
Gwent,"2019","12",1,0.000483
Irvine,"2019","07",1,0.000018
Nuneaton,"2019","03",1,0.000145
Tamworth,"2019","07",3,0.00077
Paisley,"2019","06",1,0.006095
Newbridge,"2019","12",1,0.000483
Birmingham,"2020","01",18,0.0240077222222222
Durham,"2019","07",2,0.005862
Southend On Sea,"2019","10",2,0.035271
Keighley,"2019","08",1,0.000438
Dumfries,"2019","06",2,0.018868
York,"2020","01",1,0.002032
Wokingham,"2020","02",1,0.000012
Brighton,"2020","01",12,0.0039736666666667
Bearsden,"2019","05",1,0.002241
Wallingford,"2019","04",1,0.000076
Maidstone,"2019","10",2,0.000105
Motherwell,"2019","11",1,0.004383
Kingskerswell,"2019","08",1,0.00026
Wigan,"2019","04",1,0.005206
Newport,"2019","07",3,0.0382
Caithness,"2019","11",1,0.000154
Northampton,"2019","05",6,0.0045428333333333
Stoke On Trent,"2019","05",3,0.0005246666666667
Ipswich,"2019","12",1,0.000132
Liverpool,"2019","11",29,0.043535
Wimborne,"2019","06",1,0.000043
Islington,"2019","03",3,0.000117
Edinburgh,"2019","09",7,0.0013145714285714
Londonderry,"2019","07",1,0.002623
Bath,"2020","02",3,0.0042896666666667
Chesterfield,"2019","05",2,0.000214
Llanidloes,"2019","05",2,0.000094
Hamilton,"2019","10",1,0.007434
Barnes,"2019","07",1,0.000036
Durham,"2019","08",1,0.000511
Sunbury,"2019","05",1,0.000056
Bridgwater,"2020","02",1,0.000147
Stafford,"2019","03",1,0.000221
Workington,"2019","04",1,0.000016
Derby,"2019","06",3,0.0006863333333333
Poole,"2019","10",1,0.019047
Bath,"2020","01",3,0.0003516666666667
Peterborough,"2019","08",2,0.015439
Weymouth,"2019","05",4,0.006079
Croydon,"2019","11",1,0.012199
Halifax,"2019","08",1,0.000915
Ashford,"2019","06",3,0.000194
Leeds,"2019","10",36,0.0045705555555556
Scunthorpe,"2019","10",2,0.000988
New Cross,"2019","07",12,0.001001
Lincoln,"2019","09",2,0.000078
Bradford,"2019","10",6,0.002233
Wolverhampton,"2020","01",3,0.0039883333333333
Letchworth Garden City,"2020","01",1,0.001054
Gwynedd,"2019","06",1,0.036831
Leicester,"2019","10",7,0.0127577142857143
Aylesbury,"2019","05",1,0.000032
Rochester,"2019","10",1,0.001174
Chester,"2019","08",1,0.000161
Bedford,"2019","11",3,0.009932
Warwick,"2019","10",1,0.000355
Herne Bay,"2019","10",1,0.000421
Henley-on-thames,"2019","03",2,0.000031
Exeter,"2019","03",16,0.001547875
Southampton,"2019","09",10,0.0047028
Newcastle Upon Tyne,"2019","10",23,0.029535652173913
Wokingham,"2019","11",2,0.000163
Hertford,"2019","06",1,0.000369
Great Yarmouth,"2019","03",1,0.002637
Dunbar,"2019","06",1,0.000045
St. Albans,"2019","07",1,0.000091
Worcester,"2019","09",1,0.000125
Cardiff,"2019","05",20,0.02029495
Fleet,"2019","10",1,0.010345
Doncaster,"2019","09",1,0.000163
Minehead,"2019","12",1,0.084523
Hay On Wye,"2019","06",5,0.001837
Ipswich,"2020","02",2,0.000079
Bexhill-On-Sea,"2019","05",1,0.022356
Chester,"2020","02",1,0.010228
Bournemouth,"2019","04",3,0.0005113333333333
Chichester,"2019","10",1,0.000912
Belfast,"2019","08",10,0.0334662
Oban,"2020","02",1,0.000045
Belfast,"2019","06",20,0.01405635
Belfast,"2019","12",4,0.00197075
Bangor,"2019","09",3,0.0156146666666667
Hunmanby,"2019","11",1,0.00003
Tiverton,"2019","09",1,0.000513
Larbert,"2019","04",5,0.00182
Malvern,"2019","07",1,0.000026
Wokingham,"2019","09",1,0.004381
Upton upon Severn,"2019","05",5,0.02208
Newtownards,"2019","06",1,0.000041
Cambridge,"2019","10",9,0.0012132222222222
London,"2019","10",221,0.0159743031674208
Nottingham,"2019","06",30,0.0430859333333333
Ambleside,"2019","08",2,0.000154
Horsham,"2019","09",2,0.00021
Horsham,"2019","11",1,0.000046
Birmingham,"2019","07",12,0.00180675
Canterbury,"2019","07",1,0.00001
Farnborough,"2019","10",1,0.000029
Corby,"2019","07",2,0.0010715
Christchurch,"2019","05",1,0.000011
Abingdon,"2019","07",1,0.000112
Hemel Hempstead,"2019","07",5,0.004915
York,"2019","09",7,0.0010385714285714
Glasgow,"2019","08",46,0.0863441521739131
Aberystwyth,"2019","10",1,0.011899
Poole,"2019","03",4,0.002953
Salisbury,"2019","07",1,0.018611
Cardigan,"2019","05",1,0.000304
Berkhamstead,"2019","03",1,0.000005
Winchester,"2019","11",3,0.0008516666666667
Colchester,"2019","04",7,0.004701
Newquay,"2019","07",1,0.000121
Bexhill-On-Sea,"2019","10",1,0.00016
Gateshead,"2019","04",5,0.0123664
Bretforton,"2019","10",1,0.010145
Torquay,"2020","02",1,0.000145
Kingsbridge,"2019","03",1,0.014358
Stockport,"2019","08",3,0.007795
Atherstone,"2019","08",29,0.048568
Lancaster,"2019","05",13,0.040538
Banff,"2019","05",1,0.000159
Derby,"2019","12",5,0.0004378
Farncombe,"2019","05",2,0.001023
Cheshire,"2019","05",1,0.000032
Kettering,"2019","07",1,0.000039
Deal,"2019","06",1,0.000016
Maidstone,"2019","04",1,0.000974
Camden,"2020","02",7,0.0022128571428571
Caerphilly,"2019","05",3,0.000167
Richmond (North Yorkshire),"2019","08",1,0.016124
Kingskerswell,"2019","10",3,0.0006656666666667
Brentwood,"2019","07",6,0.2009756666666667
Chesterfield,"2019","03",1,0.00041
Camden,"2020","01",7,0.002484
Bridport,"2019","11",1,0.000667
Sunderland,"2019","11",1,0.002461
Crawley,"2019","04",1,0.000651
Liverpool,"2019","07",7,0.0040615714285714
Watford,"2019","05",1,0.003933
Putney,"2019","03",2,0.000578
Thame,"2019","08",8,0.009873
Braunton,"2019","07",1,0.00002
Luton,"2019","09",16,0.01353475
Scarborough,"2019","03",1,0.000656
Cambridge,"2019","05",10,0.0039039
Falmouth,"2019","05",3,0.0017003333333333
Leicester,"2020","02",3,0.000048
Clapham,"2020","01",1,0.030146
Birmingham,"2019","11",36,0.0259096388888889
Chesterfield,"2019","10",2,0.0022805
Reading,"2019","04",8,0.002801625
Wolverhampton,"2019","03",2,0.0008365
Boscombe,"2019","04",1,0.00002
Nottingham,"2019","05",15,0.0108084666666667
Nottingham,"2020","01",10,0.0152512
Pershore,"2019","03",2,0.001418
Bradford,"2019","04",2,0.002068
Hertford,"2019","05",2,0.000607
Oxford,"2019","12",4,0.01630325
Rhayader,"2019","07",1,0.000235
Gloucester,"2019","07",11,0.015441
Montrose,"2019","08",4,0.1318595
Frodsham,"2019","06",3,0.0839256666666667
Exeter,"2019","04",2,0.0205225
Sevenoaks,"2019","05",1,0.000821
Bearsden,"2019","10",2,0.001921
Newbury,"2020","02",1,0.000368
Salisbury,"2019","06",2,0.001516
Abertillery,"2019","04",1,0.000022
Clitheroe,"2019","11",1,0.00354
Shrewsbury,"2020","02",1,0.000561
Bishops Castle,"2019","05",1,0.000108
Sunderland,"2019","10",1,0.00572
Reigate,"2019","11",1,0.000037
Digbeth,"2019","03",7,0.0010371428571429
Chester,"2019","04",1,0.000161
Filey,"2019","05",1,0.000055
Ashby-de-la-zouch,"2019","04",1,0.000144
Whitehaven,"2019","04",1,0.00057
Harpenden,"2019","04",2,0.00125
East Grinstead,"2019","10",2,0.001138
St Helens,"2019","04",1,0.004243
Hebden Bridge,"2019","03",2,0.002628
Kirkcaldy,"2019","04",1,0.000122
Darlington,"2020","02",1,0.000027
Corby,"2019","05",1,0.000706
Scarborough,"2019","07",7,0.020203
Gravesend,"2019","12",1,0.000009
Leek,"2020","01",1,0.000349
Northwich,"2019","04",1,0.000077
Swansea,"2019","05",3,0.00092
Gloucester,"2019","06",8,0.04933
Inverness,"2019","12",3,0.000345
Godalming,"2019","06",1,0.000081
Folkestone,"2019","03",1,0.000631
York,"2019","11",9,0.0004291111111111
Winchester,"2019","08",1,0.00001
Aberdare,"2019","03",1,0.000217
Poole,"2019","07",1,0.000122
Tavistock,"2019","09",1,0.000224
Windsor,"2019","08",2,0.0000835
Faversham,"2019","07",6,0.002231
Bury Saint Edmunds,"2019","10",3,0.0000676666666667
Hull,"2019","11",10,0.0296721
Bath,"2019","06",4,0.00688375
Bury St Edmunds,"2019","04",1,0.002246
Uttoxeter,"2019","05",5,0.040862
Bury Saint Edmunds,"2019","03",1,0.000004
Newport,"2020","01",2,0.001804
Cardiff,"2019","12",9,0.0492358888888889
Clitheroe,"2019","05",1,0.000113
Colchester,"2019","09",3,0.000063
Camden,"2019","06",11,0.0009157272727273
Leicester,"2019","09",1,0.000195
Bedford,"2019","10",8,0.00527975
York,"2019","03",9,0.0140377777777778
Glasgow,"2019","12",25,0.00903952
Chippenham,"2020","02",1,0.000065
Kendal,"2019","07",2,0.001048
Paisley,"2019","03",1,0.002273
Belfast,"2019","09",5,0.0036486
Reading,"2019","11",10,0.0040899
Blackpool,"2019","06",6,0.0012805
Aberdeen,"2020","01",1,0.000968
Colwyn Bay,"2019","08",1,0.000019
Bury Saint Edmunds,"2019","04",1,0.000131
Gainsborough,"2019","09",1,0.000094
Knutsford,"2019","06",4,0.0175535
Halifax,"2019","12",4,0.00102275
Stockton-on-tees,"2019","03",1,0.008045
Bury,"2019","07",1,0.000694
Whitby,"2019","04",7,0.0040917142857143
Kingston Upon Thames,"2020","01",2,0.0015295
Sheffield,"2020","02",7,0.0017967142857143
Stroud,"2019","03",5,0.0007396
Basildon,"2019","07",1,0.001998
Lowdham,"2019","10",1,0.000082
Hebden Bridge,"2019","04",1,0.00041
Warwick,"2020","02",1,0.001093
Fleet,"2019","09",1,0.000118
Stirling,"2019","09",1,0.003252
Cropredy,"2019","03",1,0.000027
Biggar,"2019","11",1,0.000018
Ashburton,"2019","08",1,0.000041
Peterborough,"2019","09",2,0.005348
Dunfermline,"2019","10",2,0.03292
Gloucester,"2019","04",2,0.000126
Guilford,"2019","04",1,0.00153
Bakewell,"2019","08",1,0.001913
Southsea,"2019","08",39,0.2839790000000003
Digbeth,"2019","05",9,0.0049414444444444
Campbeltown,"2019","09",1,0.000018
Caerphilly,"2019","06",2,0.000198
Oldham,"2019","08",4,0.02361775
Dundee,"2019","06",8,0.091976
Bude,"2019","03",1,0.000246
Stockton-on-tees,"2019","06",2,0.00542
Poole,"2019","11",1,0.000395
Sheffield,"2019","05",25,0.01905728
Salisbury,"2019","11",1,0.019985
Great Torrington,"2019","10",3,0.001698
Todmorden,"2019","05",5,0.000446
Londonderry,"2019","11",1,0.002612
Bedale,"2019","06",1,0.000014
Wolverton,"2019","05",2,0.001573
Cottingham,"2019","04",1,0.02005
Yarm,"2020","02",2,0.000625
Barton-upon-humber,"2019","11",2,0.000055
Thame,"2019","05",1,0.000081
Cranleigh,"2019","08",3,0.00354
Dorchester,"2019","05",1,0.00041
Coventry,"2019","12",2,0.00069
Southport,"2019","09",1,0.000007
Dagenham,"2019","07",1,0.001909
Caerphilly,"2019","07",6,0.0177013333333333
Perranporth,"2019","07",2,0.018813
Cambridge,"2019","11",3,0.0081023333333333
Kenilworth,"2019","03",1,0.000916
Shipley,"2019","07",1,0.001868
Southend,"2019","11",4,0.000524
Skelmersdale,"2019","07",1,0.000106
Bedlington,"2019","09",1,0.000444
Codicote,"2019","08",4,0.000469
York,"2019","07",6,0.0216701666666667
Kinross,"2020","01",2,0.000454
Lutterworth,"2019","07",1,0.00011
Todmorden,"2019","08",5,0.001479
Cannock,"2019","07",1,0.000403
Gateshead,"2019","10",4,0.00143225
Gloucester,"2019","11",3,0.0062206666666667
Bedford,"2019","03",1,0.000266
Swindon,"2019","11",2,0.000514
Stockport,"2019","03",1,0.000034
Brixton,"2019","04",3,0.091009
Worthing,"2019","11",2,0.0088665
Buckley,"2019","08",4,0.00528425
Wokingham,"2019","04",1,0.000039
Chatham,"2019","05",1,0.000101
Thames Ditton,"2019","05",1,0.000125
Camden,"2019","04",16,0.0012875
Cardiff,"2019","03",21,0.0251183333333333
Mold,"2019","12",1,0.00006
Margate,"2019","12",3,0.0015246666666667
Hockley,"2019","11",1,0.000009
Richmond (North Yorkshire),"2020","01",1,0.000385
Ware,"2019","08",1,0.000283
Perranporth,"2019","06",2,0.0374455
Kirkwall,"2019","06",1,0.00003
Guildford,"2019","11",7,0.0012717142857143
Weston-super-mare,"2019","12",1,0.000118
Walthamstow,"2019","09",2,0.002148
Dundee,"2019","12",1,0.073871
Ramsgate,"2019","05",1,0.006707
Liverpool,"2019","03",33,0.0082427272727273
Kirkcaldy,"2019","12",1,0.000176
Hay On Wye,"2019","11",1,0.000158
Salisbury,"2019","03",1,0.000118
Wakefield,"2019","10",2,0.000168
Eastbourne,"2019","03",1,0.000139
Dover,"2019","03",2,0.0041375
Canterbury,"2019","05",1,0.000296
Croydon,"2019","09",2,0.0111935
Hastings,"2019","08",1,0.000101
Sheffield,"2019","03",25,0.02106236
Cambridge,"2019","04",2,0.000031
Bury,"2019","05",4,0.00125875
Southend On Sea,"2019","03",6,0.001798
Middlesbrough,"2020","01",3,0.0015386666666667
Derby,"2019","03",10,0.0002767
Kelso,"2019","11",2,0.000564
Brixton,"2020","01",5,0.0160738
Cardiff,"2019","10",72,0.0218147916666667
Birkenhead,"2019","08",24,0.0172005
Bedlington,"2019","10",1,0.000013
Motherwell,"2019","09",1,0.001638
Eastnor,"2019","07",5,0.014297
Minehead,"2019","05",5,0.024333
Leicester,"2019","03",13,0.0006406923076923
Broadstairs,"2020","01",2,0.00102
Stamford,"2019","04",2,0.001009
Falkirk,"2019","06",2,0.000107
Richmond (North Yorkshire),"2019","04",2,0.019985
Coventry,"2019","05",9,0.0059008888888889
Whitley Bay,"2019","04",1,0.000928
Cleethorpes,"2019","08",1,0.000406
Tenby,"2020","01",1,0.002485
Glasgow,"2019","09",35,0.0023130285714286
Sheffield,"2019","12",11,0.0068589090909091
Southsea,"2020","02",1,0.010478
Bognor Regis,"2019","03",23,0.0315991304347826
Halifax,"2019","11",2,0.0021805
Reeth,"2019","06",1,0.001816
Sevenoaks,"2020","01",1,0.000413
Machynlleth,"2019","04",1,0.000067
Bury St Edmunds,"2019","10",1,0.000616
Greenock,"2019","07",1,0.002286
Leicester,"2019","06",3,0.0000633333333333
Brighton,"2019","04",31,0.0085326129032258
Farncombe,"2019","04",1,0.004247
Kirkwall,"2019","10",1,0.000045
Cannock,"2019","11",1,0.000084
South wirral,"2019","08",1,0.000173
Alfreton,"2019","05",1,0.000023
Fulham,"2020","01",8,0.001054
Sheffield,"2019","11",23,0.0064994782608696
Wetherby,"2019","08",77,0.4392299350649347
Oldham,"2019","05",4,0.000687
Glastonbury,"2019","10",1,0.000102
Chelmsford,"2019","06",1,0.000036
Matlock,"2019","07",1,0.002874
Greenwich,"2019","07",3,0.087839
Bridgwater,"2020","01",3,0.0008033333333333
Whitley Bay,"2019","11",1,0.00039
Romsey,"2019","08",1,0.000021
Bilston,"2019","10",2,0.001302
Didcot,"2019","10",1,0.000129
Weymouth,"2019","06",4,0.002584
Canterbury,"2019","03",3,0.0020196666666667
Sevenoaks,"2019","12",3,0.002853
Bristol,"2019","06",13,0.0245486153846154
Reading,"2019","07",3,0.0005
Exeter,"2019","08",5,0.0018732
Scunthorpe,"2019","11",2,0.000257
Horsham,"2019","03",2,0.00012
Nottingham,"2019","09",18,0.0070107777777778
Dundee,"2019","11",7,0.0024187142857143
Aberdeen,"2019","11",7,0.000253
Wakefield,"2019","12",1,0.000006
East Grinstead,"2019","05",3,0.001066
Margate,"2019","11",6,0.0086458333333333
Durham,"2019","09",1,0.001417
Great Torrington,"2019","06",1,0.000113
,"2019","04",2,0.0003635
Chesterfield,"2019","09",3,0.0007433333333333
Porthcawl,"2019","12",11,0.0428347272727273
Redruth,"2019","03",1,0.000094
Hove,"2019","11",2,0.000047
Carlisle,"2019","04",3,0.001413
Southwold,"2020","01",1,0.000663
Treorchy,"2019","11",2,0.000023
Portrush,"2019","11",1,0.000166
Northampton,"2019","04",5,0.0098402
Brixton,"2020","02",4,0.0751925
Southend,"2019","05",4,0.006106
Walthamstow,"2019","05",1,0.000217
Kendal,"2019","09",1,0.002569
Mallaig,"2019","05",1,0.000134
Oxford,"2020","02",2,0.000307
Swindon,"2019","10",1,0.000018
Todmorden,"2019","09",2,0.000341
Ashburton,"2020","01",1,0.000014
Hawarden,"2019","09",7,0.0019515714285714
Christchurch,"2019","08",1,0.001038
Stevenage,"2019","08",9,0.0277256666666667
Cardigan,"2019","08",5,0.0008
Portsmouth,"2019","11",5,0.0340206
Tunbridge Wells,"2019","12",1,0.000058
Cambridge,"2019","08",2,0.0051535
Minehead,"2019","09",10,0.0328418
Teignmouth,"2019","03",1,0.000259
Bracknell,"2019","10",1,0.000518
,"2019","11",2,0.000153
Llandrindod Wells,"2019","08",1,0.000026
Lingfield,"2019","03",1,0.00041
Glossop,"2019","12",1,0.000073
Maldon,"2019","09",1,0.000046
Tunbridge Wells,"2020","02",2,0.004966
Topsham,"2019","09",1,0.000198
Wimborne,"2019","03",1,0.000125
Cumbria,"2019","10",2,0.004087
Yeovil,"2019","11",1,0.000094
Hay On Wye,"2019","09",1,0.001692
Chelmsford,"2019","05",3,0.0001066666666667
Hockley,"2020","02",1,0.000224
Peebles,"2019","03",1,0.000204
Bridport,"2019","06",1,0.000008
Chelmsford,"2019","10",2,0.017477
Stoke On Trent,"2020","01",1,0.000858
Dundee,"2019","03",1,0.000017
Winchcombe,"2020","01",1,0.000041
Carlisle,"2019","12",3,0.0000733333333333
London,"2020","01",132,0.0167720984848485
Great Torrington,"2019","07",1,0.000364
Belfast,"2019","04",3,0.0017516666666667
"Jersey, Channel Islands","2019","08",1,0.027707
Nuneaton,"2019","10",5,0.000488
Birmingham,"2019","10",33,0.0326749696969697
Bude,"2019","10",1,0.000748
Bewdley,"2020","02",1,0.000206
Bromley,"2019","04",1,0.000146
Oxford,"2019","11",9,0.0008612222222222
Shipley,"2019","12",1,0.001324
Stowmarket,"2019","10",2,0.000486
Northwich,"2019","06",1,0.009426
Chester,"2019","09",2,0.0003115
Lancaster,"2019","07",3,0.000207
Canterbury,"2019","08",1,0.000148
Kingston Upon Thames,"2019","10",2,0.0027425
Bearsden,"2019","03",1,0.000039
Warwick,"2019","07",11,0.0515511818181818
Sevenoaks,"2019","10",4,0.00025575
Nantwich,"2019","04",1,0.000811
Brixton,"2019","03",6,0.0128193333333333
Matlock,"2019","09",1,0.000035
Godalming,"2019","04",1,0.000029
Woking,"2019","10",1,0.001451
Margate,"2019","05",5,0.0065072
Newcastle Upon Tyne,"2019","08",3,0.0009383333333333
Aberdeen,"2019","09",16,0.007287875
Liverpool,"2019","10",30,0.0042995666666667
Ashburton,"2019","11",2,0.0000535
Worthing,"2019","09",1,0.000518
Blackpool,"2020","02",2,0.000171
Harpenden,"2019","03",2,0.011753
Bury Saint Edmunds,"2019","07",1,0.000001
High Wycombe,"2019","10",3,0.0002956666666667
Putney,"2020","01",1,0.008808
Ashby-de-la-zouch,"2019","07",1,0.000118
Brixton,"2019","10",8,0.032165125
Nottingham,"2019","11",32,0.02824775
,"2020","01",2,0.00003
Kinross,"2020","02",2,0.000641
Brighton,"2019","03",29,0.0042499310344828
Bognor Regis,"2019","11",19,0.0343522631578947
Bournemouth,"2020","01",5,0.006758
Huddersfield,"2019","05",4,0.00113025
Leek,"2019","11",2,0.005188
Bury Saint Edmunds,"2019","11",1,0.000031
Coventry,"2019","10",7,0.0042378571428571
Hove,"2019","09",1,0.000015
Helmsley,"2019","03",1,0.000084
Bury,"2019","03",2,0.000269
Oxfordshire,"2019","12",1,0.002977
Leek,"2019","04",1,0.000757
Caerphilly,"2019","11",1,0.000145
West Yorkshire,"2019","04",3,0.009595
Penzance,"2019","11",1,0.000226
Bournemouth,"2020","02",1,0.006102
Deal,"2019","04",1,0.000057
,"2019","05",3,0.0005193333333333
Castlederg,"2019","07",3,0.000598
West Yorkshire,"2019","11",4,0.0228235
Wolverton,"2019","04",2,0.0019115
Camden,"2019","09",13,0.0022877692307692
Kingskerswell,"2019","09",1,0.000554
Middlesbrough,"2019","12",1,0.000248
Penzance,"2019","08",1,0.0002
Perranporth,"2019","05",3,0.0096363333333333
Weston-super-mare,"2019","03",4,0.00101
Beverly,"2020","02",1,0.002377
Brandon,"2019","06",1,0.0487
Staines,"2019","12",1,0.001713
Canterbury,"2019","10",1,0.002259
Diss,"2019","05",1,0.000064
Worthing,"2019","07",2,0.000038
Castle Donington,"2019","06",89,0.2429510674157302
Shoreham by sea,"2019","07",1,0.00006
Shrewsbury,"2020","01",5,0.0004654
Aberdeen,"2019","05",7,0.0435154285714286
London,"2019","12",175,0.0144059028571429
Bideford,"2019","10",3,0.0003096666666667
Kinross,"2019","06",2,0.000731
Thirsk,"2019","07",23,0.039962
Wareham,"2019","08",1,0.000978
Melrose,"2019","11",1,0.000017
Scunthorpe,"2019","03",1,0.000094
Ipswich,"2019","09",1,0.000195
Barnstaple,"2020","01",1,0.010192
Newcastle Upon Tyne,"2019","09",9,0.0017722222222222
Forres,"2019","11",1,0.05056
Swindon,"2020","02",1,0.000023
Sturminster Newton,"2019","06",2,0.00015
Brigg,"2019","10",1,0.000014
Berwick Upon Tweed,"2019","08",2,0.007428
Thames Ditton,"2019","11",1,0.000017
Inverness,"2019","08",2,0.033621
Stafford,"2019","05",5,0.000203
Banbury,"2019","04",2,0.000062
Bideford,"2019","03",2,0.000445
Peckham,"2019","09",1,0.00011
Battle,"2019","10",1,0.000042
Inverness,"2019","05",1,0.000017
Whitchurch,"2019","09",1,0.000084
Lowdham,"2020","02",1,0.000102
Coventry,"2020","02",1,0.001637
Shrewsbury,"2019","09",3,0.002311
Ullapool,"2019","04",1,0.000047
Perranporth,"2019","04",1,0.000567
Wolverton,"2019","11",3,0.0004816666666667
Chipping Norton,"2019","07",19,0.234937
Skegness,"2019","03",31,0.024664064516129
Dunstable,"2019","03",1,0.001928
Settle,"2020","02",1,0.000089
Penzance,"2019","04",1,0.00014
Hull,"2019","06",5,0.0062348
Hove,"2019","08",1,0.000015
Guildford,"2019","08",31,0.0181351290322581
Kendal,"2019","10",1,0.00103
Isle Of Wight,"2019","07",1,0.000936
Wakefield,"2019","09",2,0.0187005
Liverpool,"2019","05",37,0.0267441351351351
Keighley,"2019","11",2,0.00006
Edinburgh,"2019","12",10,0.0015265
Grantham,"2019","04",2,0.0022935
Poole,"2019","12",2,0.000502
Keswick,"2019","04",2,0.004743
Exeter,"2019","09",5,0.0021746
Newquay,"2019","11",1,0.000087
Eastbourne,"2019","12",1,0.000248
Frome,"2019","04",2,0.003275
Coventry,"2019","11",15,0.0038584
Inveraray,"2019","05",4,0.000498
Birmingham,"2019","12",16,0.024878125
Cambridge,"2019","12",4,0.03262
Chester,"2019","03",5,0.0002168
Morecambe,"2019","07",3,0.0001973333333333
Wolverton,"2019","03",3,0.0028323333333333
Richmond upon Thames,"2019","10",1,0.000008
Hull,"2019","09",4,0.00147025
Treforest,"2019","06",1,0.000014
Dunoon,"2019","07",1,0.028995
Newport,"2019","08",1,0.003115
Hebden Bridge,"2019","10",3,0.0036083333333333
Wakefield,"2019","05",2,0.000037
Chepstow,"2019","05",5,0.0015872
Reading,"2019","05",9,0.0004208888888889
Maidstone,"2019","07",40,0.1308959999999999
Staines,"2019","10",1,0.000108
Llandudno,"2019","05",3,0.0434906666666667
West Yorkshire,"2019","10",6,0.0022323333333333
Wolverhampton,"2019","04",5,0.0013138
Hull,"2019","12",4,0.00141725
Shepperton,"2019","08",1,0.000058
Putney,"2019","08",1,0.000115
Altrincham,"2019","06",1,0.004228
Galashiels,"2019","04",1,0.000608
Southampton,"2020","02",2,0.000066
Portmahomack,"2019","08",1,0.000042
Wrexham,"2019","11",2,0.0044055
Woodbridge,"2019","10",1,0.000112
Elgin,"2019","04",1,0.000122
Brixton,"2019","07",2,0.007258
Aberdare,"2019","12",1,0.000091
Antrim,"2019","06",1,0.000041
Nottingham,"2019","04",12,0.00533975
Harlow,"2019","03",1,0.000331
Greenwich,"2019","08",1,0.000518
Hitchin,"2019","09",1,0.000552
Manchester,"2020","01",28,0.0068274285714286
Chiswick,"2019","09",1,0.063727
Middlesbrough,"2019","04",4,0.00268375
Totnes,"2019","08",1,0.000777
Stirling,"2019","05",2,0.000133
Marlborough,"2019","03",3,0.0069866666666667
Cannock,"2020","01",2,0.000023
Tavistock,"2019","10",1,0.000045
Exmouth,"2020","01",1,0.000017
Wolverhampton,"2020","02",1,0.001084
Kettering,"2019","08",8,0.011314
Dorking,"2019","11",1,0.001639
Darlington,"2019","05",3,0.0000386666666667
Carlisle,"2020","02",5,0.000291
St Helens,"2019","06",3,0.0005983333333333
Lowdham,"2020","01",1,0.000024
Oxford,"2019","09",13,0.0046372307692308
Workington,"2019","03",1,0.000046
Christchurch,"2019","09",2,0.000283
Margate,"2019","06",2,0.028868
London,"2019","08",133,0.0087026390977444
Guildford,"2020","02",3,0.000234
Darwen,"2019","04",3,0.0025893333333333
Moseley,"2019","08",18,0.102558
Ramsgate,"2019","09",1,0.000553
Blackpool,"2019","12",1,0.000137
Deal,"2019","03",1,0.000125
Salford,"2019","08",4,0.00171525
Chester,"2019","10",1,0.00018
Oswestry,"2019","10",1,0.000091
Cottingham,"2019","11",2,0.025527
North Shields,"2019","07",1,0.000095
Ely,"2019","09",1,0.000075
Kingskerswell,"2019","04",1,0.00048
Newcastle-under-lyme,"2019","04",4,0.00028925
Chelmsford,"2020","01",2,0.0040715
Guildford,"2020","01",1,0.000168
Derry,"2019","07",1,0.000348
Uckfield,"2020","02",1,0.00009
Inverness,"2019","09",1,0.000022
St Leonards,"2019","05",3,0.000164
Gloucester,"2019","05",1,0.000559
Hebden Bridge,"2019","11",3,0.0036736666666667
Findhorn,"2019","05",1,0.000085
Skegness,"2019","06",10,0.050541
Winchester,"2019","10",1,0.000415
Blackburn,"2019","03",1,0.005765
Wokingham,"2019","03",1,0.000227
Middlesbrough,"2019","05",3,0.000099
Reading,"2019","09",4,0.012324
Leeds,"2019","07",21,0.0067524761904762
Colne,"2019","08",3,0.00046
Digbeth,"2019","11",6,0.0082003333333333
Aldershot,"2019","10",1,0.000392
Bromyard,"2019","07",27,0.1615799999999999
Barry,"2019","05",1,0.000346
Oxford,"2019","08",6,0.014283
Manchester,"2019","12",53,0.0180358113207547
Cambridge,"2020","02",2,0.000598
Whitley Bay,"2019","05",1,0.00262
Kinross,"2019","12",1,0.00354
Tunbridge Wells,"2019","06",29,0.1906346206896553
Croydon,"2019","04",1,0.000037
Wigan,"2019","12",3,0.0009376666666667
Sheffield,"2020","01",4,0.0069095
Cheltenham,"2019","07",2,0.000128
Exmouth,"2019","12",1,0.001639
Frome,"2019","10",1,0.000613
Whitby,"2019","08",1,0.000055
Kingston upon Hull,"2019","11",2,0.038008
Swansea,"2020","01",5,0.000561
Radstock,"2019","08",1,0.000058
Hull,"2019","03",5,0.0151056
Southend,"2019","03",1,0.000118
Aberdeen,"2020","02",5,0.0045564
Chelmsford,"2019","04",1,0.000112
Stamford,"2019","11",1,0.000513
Margate,"2020","01",1,0.007177
Worcester,"2019","06",1,0.000904
Huddersfield,"2019","04",1,0.000201
Blackpool,"2019","08",1,0.001151
West Yorkshire,"2019","07",1,0.003918
Derry,"2019","08",1,0.000662
Kirton in Lindsey,"2020","02",1,0.000545
Darlington,"2019","08",3,0.0953603333333333
Gateshead,"2019","03",2,0.000344
Plymouth,"2019","07",4,0.0007315
Brighton,"2019","12",9,0.008176
Bury,"2020","01",2,0.009895
Cottingham,"2019","08",5,0.0053658
Penryn,"2019","08",3,0.000793
Blackpool,"2019","05",4,0.001494
Penzance,"2019","10",1,0.0002
Hitchin,"2019","05",1,0.024181
Derry,"2019","11",1,0.000881
Ayr,"2019","06",1,0.001703
Stowmarket,"2019","06",5,0.0057688
Petworth,"2019","06",1,0.000155
Hexham,"2019","03",1,0.003297
Lincoln,"2020","01",1,0.000043
Wolverhampton,"2019","05",4,0.002248
Liverpool,"2019","12",17,0.0210967058823529
New Cross,"2020","01",5,0.00051
Kilmarnock,"2019","04",2,0.003892
Dundee,"2020","02",1,0.000025
Southend,"2020","01",2,0.001166
Ashington,"2019","05",1,0.000479
Portsmouth,"2020","01",2,0.098564
Dunfermline,"2019","03",2,0.026688
High Wycombe,"2019","06",4,0.00028375
Edinburgh,"2019","03",14,0.0041492857142857
Bognor Regis,"2019","04",9,0.024333
Witney,"2019","03",1,0.000042
Topsham,"2019","07",1,0.000567
Digbeth,"2019","10",1,0.015947
Walton-on-Thames,"2019","11",1,0.000201
South wirral,"2019","05",1,0.000051
Southampton,"2019","05",13,0.0364199230769231
Portrush,"2019","08",3,0.001561
Kirton in Lindsey,"2019","05",1,0.000924
Malmesbury,"2019","05",1,0.000261
Plymouth,"2020","01",1,0.00055
Hull,"2019","04",3,0.0014
Ealing,"2019","07",1,0.000058
Islington,"2020","01",1,0.00014
Barnard Castle,"2019","06",1,0.000019
Rickmansworth,"2019","04",1,0.000094
Portstewart,"2019","06",1,0.000041
,"2019","06",2,0.001967
Milton Keynes,"2020","02",2,0.0007495
Weston-super-mare,"2019","05",2,0.000138
Wolverhampton,"2019","10",9,0.0014902222222222
Ulverston,"2019","06",1,0.000066
Harpenden,"2019","06",1,0.000457
Worcester,"2019","11",2,0.0039035
Reeth,"2020","02",1,0.000414
Royston,"2019","11",1,0.00041
Whitby,"2019","05",3,0.000044
Birmingham,"2019","09",10,0.0025997
Kendal,"2020","01",3,0.014714
Clitheroe,"2019","07",63,0.1615800000000001
Blairgowrie,"2019","05",1,0.000153
Preston,"2019","04",2,0.000189
Killin,"2019","12",1,0.000539
Pocklington,"2019","11",1,0.0202
St David's,"2019","05",1,0.000175
Monmouth,"2020","01",1,0.000047
Brecon,"2019","05",1,0.000583
Hove,"2019","06",1,0.002217
Bath,"2019","08",1,0.000113
Irvine,"2019","04",1,0.00022
Saffron Walden,"2019","07",7,0.071959
Kingham,"2019","08",17,0.155720294117647
Barnsley,"2020","02",1,0.000049
Allendale,"2019","06",1,0.000596
Bognor Regis,"2019","06",12,0.0328835
Poole,"2020","02",1,0.000016
Belper,"2019","09",1,0.000051
Margate,"2019","04",4,0.005713
Stoke On Trent,"2019","07",2,0.0004585
Basingstoke,"2020","02",3,0.0002236666666667
Tavistock,"2019","11",2,0.0002275
Skegness,"2020","01",29,0.0116967931034483
Grayshott,"2019","12",1,0.000042
Winchester,"2019","04",4,0.00035775
Camden,"2019","10",17,0.0016997647058824
Cirencester,"2019","10",2,0.010159
Plymouth,"2019","10",3,0.000252
Dundee,"2019","04",5,0.0026324
Barnsley,"2019","09",1,0.000118
Bury,"2019","09",2,0.0102415
Northampton,"2019","03",13,0.0042771538461538
Kidderminster,"2019","11",1,0.00006
Harrow,"2019","07",1,0.00016
Stonehaven,"2019","10",1,0.000024
Nuneaton,"2019","06",1,0.000044
Padstow,"2019","05",1,0.000045
Bedford,"2019","07",1,0.033186
Hull,"2019","10",5,0.0040966
Ashby-de-la-zouch,"2020","02",1,0.000041
Grimsby,"2019","09",2,0.0005
Watford,"2019","10",2,0.000124
Cambridge,"2019","03",7,0.0019032857142857
Cleethorpes,"2019","07",1,0.000073
Greenwich,"2019","04",10,0.003807
Stockport,"2019","05",1,0.00263
Bradford,"2019","11",1,0.000392
Stourbridge,"2020","01",1,0.00024
Presteigne,"2019","04",1,0.000518
Chichester,"2019","04",1,0.000102
Hastings,"2019","10",5,0.0002808
Buxton,"2019","03",2,0.004271
Saltburn-by-the-Sea,"2019","10",1,0.000017
Bristol,"2019","04",37,0.0038434054054054
Birmingham,"2019","03",38,0.0259750789473684
Tunbridge Wells,"2019","11",2,0.000096
Bicester,"2019","06",5,0.002107
Bury,"2019","06",1,0.001865
Nutley,"2019","05",4,0.000862
Norwich,"2019","11",12,0.00518925
Ireby,"2019","05",4,0.004271
West Sussex,"2019","08",1,0.000217
Steventon,"2019","07",76,0.2847329999999996
Bolsover,"2019","05",2,0.000086
Devizes,"2019","11",1,0.00063
Cardiff,"2019","06",17,0.0392968823529412
Harrogate,"2019","12",1,0.002274
Gwent,"2019","11",1,0.000389
Ipswich,"2019","11",3,0.097449
Southsea,"2019","10",3,0.0056326666666667
Digbeth,"2019","08",1,0.001532
Reeth,"2019","11",1,0.000012
Portsmouth,"2019","04",2,0.013402
Weston-super-mare,"2019","11",1,0.000129
Stockton-on-tees,"2020","01",1,0.000025
Orkney,"2019","04",2,0.001173
Edinburgh,"2019","07",7,0.0050445714285714
Dover,"2019","07",1,0.001614
Walthamstow,"2019","11",1,0.00005
Stoke On Trent,"2019","09",2,0.000045
Burton Upon Trent,"2019","03",1,0.000043
South wirral,"2020","02",1,0.000566
Gateshead,"2019","05",5,0.0047906
Wimborne,"2019","09",1,0.001324
Bradford,"2019","07",3,0.000105
Truro,"2019","06",1,0.005157
Moseley,"2019","10",1,0.000448
Halifax,"2019","07",2,0.005522
Swindon,"2019","03",2,0.0082755
Swindon,"2020","01",1,0.000062
Portsmouth,"2020","02",1,0.000592
Margate,"2019","08",6,0.0005128333333333
High Wycombe,"2020","02",1,0.000076
Northwich,"2019","10",4,0.000137
Witney,"2020","02",1,0.000565
Kirton in Lindsey,"2019","09",3,0.000146
Colchester,"2019","07",2,0.000209
Aberdeen,"2019","06",3,0.0008183333333333
Romford,"2019","08",2,0.000168
West Yorkshire,"2019","06",4,0.002548
Cardiff,"2019","11",24,0.0280239583333333
Bradford,"2019","08",10,0.0266663
Totnes,"2019","05",14,0.103512
Lowdham,"2019","05",1,0.009836
Bristol,"2019","08",35,0.0767269428571429
Newbury,"2019","10",1,0.000194
Westcliff-on-sea,"2019","10",2,0.014087
Colchester,"2019","08",1,0.00001
Manchester,"2019","10",83,0.0287314819277108
Brixton,"2019","09",1,0.002802
Yeovil,"2020","02",3,0.004159
Bingley,"2019","08",26,0.0706090384615385
Minehead,"2019","03",33,0.0213418181818182
Wolverhampton,"2019","09",1,0.000075
Keswick,"2019","09",2,0.00022
Bridport,"2019","07",2,0.007795
Southend On Sea,"2019","12",2,0.14584
Redditch,"2019","07",1,0.030479
Runcorn,"2019","03",1,0.003275
Derby,"2019","04",2,0.000072
Inverness,"2019","10",1,0.00001
Saltburn-by-the-Sea,"2020","02",1,0.000183
Leeds,"2020","02",11,0.0635067272727273
Bury St Edmunds,"2019","11",3,0.008779
Worcester,"2020","02",1,0.010255
Porthcawl,"2019","11",1,0.000483
Glastonbury,"2019","11",1,0.000021
Wakefield,"2019","11",3,0.0010986666666667
Cambridge,"2019","09",5,0.1183384
Glasgow,"2019","10",51,0.0168766470588235
Bangor,"2019","08",1,0.009386
Sheffield,"2019","08",10,0.0013141
Lewes,"2019","10",1,0.002596
Worcester,"2019","08",1,0.000253
Kent,"2019","07",1,0.000097
Kettering,"2020","02",1,0.000034
Liverpool,"2019","09",13,0.0008100769230769
Bognor Regis,"2019","10",3,0.0011723333333333
Eastbourne,"2019","05",2,0.00164
Scarborough,"2019","11",2,0.0050065
Carlisle,"2019","05",3,0.0006343333333333
Dumfries,"2019","09",1,0.000449
Ledbury,"2019","05",1,0.000125
Stroud,"2019","05",1,0.001492
Oundle,"2019","11",1,0.000036
Tunbridge Wells,"2019","05",1,0.000262
Tetbury,"2019","06",2,0.046533
Derby,"2019","08",3,0.0140573333333333
Skegness,"2019","05",8,0.004383
Colchester,"2019","11",3,0.00029
Preston,"2019","12",7,0.0119231428571429
Cranleigh,"2019","03",1,0.000091
Reading,"2019","08",131,0.4601057022900754
Southampton,"2019","07",5,0.0028578
Leytonstone,"2019","07",1,0.000021
Brighton,"2019","07",13,0.02429
Cheltenham,"2019","08",2,0.000196
Sheffield,"2019","06",5,0.0105364
Stockton-on-tees,"2019","05",2,0.0000295
Ashford,"2019","11",2,0.00047
Fulham,"2019","05",3,0.0006976666666667
New Cross,"2019","05",4,0.0005855
Mansfield,"2019","04",1,0.009019
Glasgow,"2019","11",53,0.0152887358490566
Lincoln,"2019","05",15,0.0065084
Barrow-in-Furness,"2019","09",4,0.019808
Salford,"2019","06",1,0.000184
Bristol,"2019","07",15,0.0033112
Bideford,"2019","09",1,0.000674
Great Torrington,"2019","03",1,0.005856
Putney,"2019","10",1,0.000115
Southend,"2019","07",1,0.000347
Cheltenham,"2019","12",1,0.005488
St. Austell,"2019","08",2,0.000777
Loughborough,"2019","04",2,0.0000715
Durham,"2019","05",3,0.001169
Harrogate,"2020","02",1,0.004046
Brighton,"2019","06",12,0.0008656666666667
Pershore,"2019","11",1,0.000046
Weymouth,"2019","11",2,0.000878
Suffolk,"2019","04",1,0.000016
Morecambe,"2019","11",11,0.0020470909090909
Frome,"2019","11",1,0.002065
Sanquhar,"2019","04",2,0.000136
Ilkley,"2019","12",1,0.000015
Overton,"2019","08",5,0.0420684
Bedford,"2019","12",1,0.005676
Selby,"2019","03",1,0.004247
Northampton,"2019","10",4,0.00624525
Newbury,"2019","06",1,0.000146
Newport (Isle of Wight),"2019","05",1,0.000109
Brixton,"2019","08",3,0.0002653333333333
Torpoint,"2020","02",1,0.000015
Buckley,"2019","04",1,0.000118
Cirencester,"2019","09",1,0.000027
Leamington Spa,"2019","11",1,0.000033
Walton-on-trent,"2019","08",1,0.000439
Blandford Forum,"2019","03",1,0.000016
Helston,"2019","06",1,0.000891
Harpenden,"2019","05",1,0.001936
Cumbria,"2019","06",3,0.0240433333333333
Bolton,"2019","07",1,0.000106
Southampton,"2019","04",18,0.0031802777777778
Croydon,"2020","01",1,0.010188
Leeds,"2019","09",16,0.0117190625
Newcastle Upon Tyne,"2019","04",21,0.0029618095238095
Frome,"2019","07",3,0.01703
Pilton,"2019","05",1,0.003276
Bradford-on-Avon,"2019","08",1,0.000019
Exmouth,"2019","10",1,0.000099
Irvine,"2019","05",1,0.002212
Gravesend,"2019","04",3,0.000266
Peterborough,"2019","05",3,0.0000673333333333
Bromsgrove,"2019","06",1,0.000369
Wolverton,"2019","08",1,0.019808
Hitchin,"2019","10",1,0.000222
Ayr,"2019","05",1,0.000132
Northampton,"2019","06",9,0.0104752222222222
Hastings,"2019","05",2,0.001049
Aberystwyth,"2019","03",5,0.0003602
Paignton,"2019","03",1,0.000113
Edinburgh,"2019","04",19,0.0095194210526316
Corby,"2019","11",1,0.000033
Ashford,"2019","03",1,0.000259
Birmingham,"2019","05",29,0.0523939310344828
Aylesbury,"2019","07",1,0.000012
Guildford,"2019","12",4,0.0168375
Bideford,"2019","07",1,0.000226
Stevenage,"2019","11",2,0.000287
Manchester,"2019","06",34,0.0124964117647059
Tunbridge Wells,"2019","09",1,0.002472
Upminster,"2019","05",1,0.005942
Bodmin,"2019","08",1,0.000077
Woodbridge,"2019","12",1,0.000004
Ulverston,"2019","04",1,0.000117
Belfast,"2019","10",11,0.0006641818181818
Bridlington,"2019","04",1,0.000142
Milton Keynes,"2019","11",1,0.000045
Chesterfield,"2020","01",4,0.00195425
"Bangor, County Down","2019","10",1,0.000066
Bristol,"2019","05",43,0.004681488372093
Perth,"2019","08",3,0.000522
Bedford,"2020","01",3,0.0030573333333333
Stornoway,"2019","07",1,0.000209
Lincoln,"2019","03",3,0.000954
Derby,"2019","09",4,0.0000945
Cookstown,"2019","05",1,0.000442
Holborn,"2019","06",1,0.000049
Tavistock,"2019","05",1,0.000777
Poynton,"2020","01",1,0.001967
Wolverhampton,"2019","08",2,0.0336105
Stratford-upon-avon,"2019","11",1,0.000509
Hebden Bridge,"2019","06",2,0.0002535
Hitchin,"2019","12",1,0.000135
Shipley,"2019","04",1,0.002145
Hebden Bridge,"2019","08",1,0.000117
Shipley,"2019","05",2,0.000663
Kingston Upon Thames,"2019","08",2,0.010507
Rainham,"2019","05",3,0.000729
Newcastle Upon Tyne,"2019","06",14,0.0103258571428571
Durham,"2020","01",2,0.0006155
